"year","trial_name","trial_type","plot_width","plot_length","plant_date","harvest_date","location","accession_name_syn","plot_name","rep_number","plot_number","row_number","col_number","check_test","notes","accession_name","check_released","latitude","longitude","altitude","department","country","ag_zone","location_short","WAB_20min_10mon","WAB_30min_10mon","carotenoidtotal","betacarotenoid_nirs","branch_number","DM_gravity","DM_nirs","height_1st_branch","yield_ha","harvest_number_plan","germination_perc","yield_ha_v2","DM_yield_ha","root_weight_plot","vigor1_5","lodging1_3","root_number_commercial","stake_plant","planted_number_plot","plant_type","height","height_wt_leaf","harvest_number","root_skin_color1_3","root_constriction1_3","root_type1_5","flesh_color_25center1_8","flesh_color_25outer1_8","root_length1_3","root_weight_air","root_weight_water","root_rot_number","germinated_number_plot","root_peduncle1_3","root_shape1_6","thrips1_5","carotenoid1_8"
2022,"202230BCEPR_ciat","202230BCEPR_ciat",1.2,4,"2022-July-07","2023-May-09","CIAT. Valle, Colombia",NA,"202230BCEPR_ciat_rep1_CG1141-1_3",1,3,1,3,"check"," (Operator: lizbethpino, Time: )","CG1141-1_is_Costena","check_released",3.483333333,-76.36666667,965,"Valle","Colombia","Mid-altitude torpics","ciat",NA,NA,1.4144934,0.7564377,3,NA,41.312603,NA,NA,2,100,NA,NA,NA,2,1,NA,NA,5,4,NA,NA,2,3,NA,4,NA,NA,NA,NA,NA,0,5,NA,NA,1,1
2022,"202230BCEPR_ciat","202230BCEPR_ciat",1.2,4,"2022-July-07","2023-May-09","CIAT. Valle, Colombia",NA,"202230BCEPR_ciat_rep1_CG1141-1_42",1,42,7,6,"check"," (Operator: lizbethpino, Time: )","CG1141-1_is_Costena","check_released",3.483333333,-76.36666667,965,"Valle","Colombia","Mid-altitude torpics","ciat",NA,NA,0.9889926,0.4837708,3,NA,41.6385612,NA,NA,2,100,NA,NA,NA,2,1,NA,NA,5,4,NA,NA,2,2,NA,5,NA,NA,NA,NA,NA,0,5,NA,NA,1,1
2022,"202230BCEPR_ciat","202230BCEPR_ciat",1.2,4,"2022-July-07","2023-May-09","CIAT. Valle, Colombia",NA,"202230BCEPR_ciat_rep1_CM4919-1_23",1,23,4,2,"check"," (Operator: lizbethpino, Time: )","CM4919-1_is_Veronica","check_released",3.483333333,-76.36666667,965,"Valle","Colombia","Mid-altitude torpics","ciat",2.59575305461636,8.68888531100736,3.5966458,1.9121482,1,NA,39.2411346,NA,NA,2,100,NA,NA,NA,3,1,NA,NA,5,3,NA,NA,2,3,NA,3,NA,NA,NA,NA,NA,0,5,NA,NA,1,3
2022,"202230BCEPR_ciat","202230BCEPR_ciat",1.2,4,"2022-July-07","2023-May-09","CIAT. Valle, Colombia",NA,"202230BCEPR_ciat_rep1_CM4919-1_45",1,45,8,4,"check"," (Operator: lizbethpino, Time: )","CM4919-1_is_Veronica","check_released",3.483333333,-76.36666667,965,"Valle","Colombia","Mid-altitude torpics","ciat",5.23765195487898,15.3625013689629,3.9687166,1.976555,1,NA,37.8039017,NA,NA,2,100,NA,NA,NA,4,1,NA,NA,5,3,NA,NA,2,3,NA,3,NA,NA,NA,NA,NA,0,5,NA,NA,1,3
2022,"202230BCEPR_ciat","202230BCEPR_ciat",1.2,4,"2022-July-07","2023-May-09","CIAT. Valle, Colombia",NA,"202230BCEPR_ciat_rep1_COL2215_12",1,12,2,1,"check"," (Operator: lizbethpino, Time: )","COL2215_is_Venezolana","check_released",3.483333333,-76.36666667,965,"Valle","Colombia","Mid-altitude torpics","ciat",NA,NA,0.9764805,0.4906297,3,NA,43.5207787,NA,NA,2,100,NA,NA,NA,3,1,NA,NA,5,4,NA,NA,2,3,NA,4,NA,NA,NA,NA,NA,0,5,NA,NA,1,1
2022,"202230BCEPR_ciat","202230BCEPR_ciat",1.2,4,"2022-July-07","2023-May-09","CIAT. Valle, Colombia",NA,"202230BCEPR_ciat_rep1_COL2215_16",1,16,3,4,"check"," (Operator: lizbethpino, Time: )","COL2215_is_Venezolana","check_released",3.483333333,-76.36666667,965,"Valle","Colombia","Mid-altitude torpics","ciat",11.7127308303779,22.9423994129876,0.8510508,0.1594526,3,NA,45.1217537,NA,NA,2,100,NA,NA,NA,2,1,NA,NA,5,5,NA,NA,2,3,NA,3,NA,NA,NA,NA,NA,0,5,NA,NA,1,1
2022,"202230BCEPR_ciat","202230BCEPR_ciat",1.2,4,"2022-July-07","2023-May-09","CIAT. Valle, Colombia",NA,"202230BCEPR_ciat_rep1_GM12370A-4_11",1,11,2,2,"test"," (Operator: lizbethpino, Time: )","GM12370A-4","test",3.483333333,-76.36666667,965,"Valle","Colombia","Mid-altitude torpics","ciat",6.61396340380174,17.7722508438444,14.0469141,8.9746552,4,NA,39.7469521,NA,NA,2,100,NA,NA,NA,3,1,NA,NA,5,4,NA,NA,2,3,NA,2,NA,NA,NA,NA,NA,0,5,NA,NA,1,4
2022,"202230BCEPR_ciat","202230BCEPR_ciat",1.2,4,"2022-July-07","2023-May-09","CIAT. Valle, Colombia",NA,"202230BCEPR_ciat_rep1_GM12421A-2_2",1,2,1,2,"test"," (Operator: lizbethpino, Time: )","GM12421A-2","test",3.483333333,-76.36666667,965,"Valle","Colombia","Mid-altitude torpics","ciat",5.69770313657695,13.9664114596196,20.6503143,11.4489632,1,NA,42.1556015,NA,NA,2,100,NA,NA,NA,2,1,NA,NA,5,3,NA,NA,2,3,NA,4,NA,NA,NA,NA,NA,0,5,NA,NA,1,5
2022,"202230BCEPR_ciat","202230BCEPR_ciat",1.2,4,"2022-July-07","2023-May-09","CIAT. Valle, Colombia",NA,"202230BCEPR_ciat_rep1_GM12569A-9_32",1,32,6,5,"test"," (Operator: lizbethpino, Time: )","GM12569A-9","test",3.483333333,-76.36666667,965,"Valle","Colombia","Mid-altitude torpics","ciat",5.86322107566306,14.2219331184767,21.4041119,15.4433537,3,NA,40.0227242,NA,NA,2,100,NA,NA,NA,3,1,NA,NA,5,2,NA,NA,2,3,NA,3,NA,NA,NA,NA,NA,0,5,NA,NA,1,7
2022,"202230BCEPR_ciat","202230BCEPR_ciat",1.2,4,"2022-July-07","2023-May-09","CIAT. Valle, Colombia",NA,"202230BCEPR_ciat_rep1_SM2775-4_25",1,25,5,1,"check"," (Operator: lizbethpino, Time: )","SM2775-4_is_Bellotti","check_released",3.483333333,-76.36666667,965,"Valle","Colombia","Mid-altitude torpics","ciat",20.3193498948569,27.4869016644688,1.0333114,0.3250115,2,NA,45.2660065,NA,NA,2,100,NA,NA,NA,3,1,NA,NA,5,3,NA,NA,2,3,NA,3,NA,NA,NA,NA,NA,0,5,NA,NA,1,1
2022,"202230BCEPR_ciat","202230BCEPR_ciat",1.2,4,"2022-July-07","2023-May-09","CIAT. Valle, Colombia",NA,"202230BCEPR_ciat_rep1_SM2775-4_51",1,51,9,2,"check"," (Operator: lizbethpino, Time: )","SM2775-4_is_Bellotti","check_released",3.483333333,-76.36666667,965,"Valle","Colombia","Mid-altitude torpics","ciat",11.0580571717683,24.4402985074627,1.2272583,0.4655951,2,NA,42.1422806,NA,NA,2,100,NA,NA,NA,3,1,NA,NA,5,4,NA,NA,2,2,NA,3,NA,NA,NA,NA,NA,0,5,NA,NA,1,1
2022,"202230BCEPR_ciat","202230BCEPR_ciat",1.2,4,"2022-July-07","2023-May-09","CIAT. Valle, Colombia",NA,"202230BCEPR_ciat_rep1_SM2775-4_7",1,7,2,6,"check"," (Operator: lizbethpino, Time: )","SM2775-4_is_Bellotti","check_released",3.483333333,-76.36666667,965,"Valle","Colombia","Mid-altitude torpics","ciat",6.56189281585874,16.4981922821516,0.7607229,0.1012436,3,NA,43.9853058,NA,NA,2,100,NA,NA,NA,3,1,NA,NA,5,3,NA,NA,2,2,NA,3,NA,NA,NA,NA,NA,0,5,NA,NA,1,2
2022,"202230BCEPR_ciat","202230BCEPR_ciat",1.2,4,"2022-July-07","2023-May-09","CIAT. Valle, Colombia",NA,"202230BCEPR_ciat_rep1_SM5881A-3_33",1,33,6,4,"test"," (Operator: lizbethpino, Time: )","SM5881A-3","test",3.483333333,-76.36666667,965,"Valle","Colombia","Mid-altitude torpics","ciat",5.9969088098918,10.7352616471627,19.315506,14.9955225,4,NA,38.8232689,NA,NA,2,100,NA,NA,NA,5,1,NA,NA,5,3,NA,NA,2,3,NA,3,NA,NA,NA,NA,NA,2,5,NA,NA,1,8
2022,"202230BCEPR_ciat","202230BCEPR_ciat",1.2,4,"2022-July-07","2023-May-09","CIAT. Valle, Colombia",NA,"202230BCEPR_ciat_rep1_SM5908A-2_5",1,5,1,5,"test"," (Operator: lizbethpino, Time: )","SM5908A-2","test",3.483333333,-76.36666667,965,"Valle","Colombia","Mid-altitude torpics","ciat",5.28654363830963,15.5223299711348,17.5282822,11.2346563,4,NA,39.3111076,NA,NA,2,100,NA,NA,NA,4,1,NA,NA,5,4,NA,NA,2,3,NA,3,NA,NA,NA,NA,NA,0,5,NA,NA,1,4
2022,"202230BCEPR_ciat","202230BCEPR_ciat",1.2,4,"2022-July-07","2023-May-09","CIAT. Valle, Colombia",NA,"202230BCEPR_ciat_rep1_SM5950A-4_47",1,47,8,2,"test"," (Operator: lizbethpino, Time: )","SM5950A-4","test",3.483333333,-76.36666667,965,"Valle","Colombia","Mid-altitude torpics","ciat",NA,NA,17.9432106,11.6245203,2,NA,36.8270226,NA,NA,2,100,NA,NA,NA,3,1,NA,NA,5,4,NA,NA,2,3,NA,3,NA,NA,NA,NA,NA,3,5,NA,NA,1,6
2022,"202230BCEPR_ciat","202230BCEPR_ciat",1.2,4,"2022-July-07","2023-May-09","CIAT. Valle, Colombia",NA,"202230BCEPR_ciat_rep1_SM6028A-5_15",1,15,3,3,"test"," (Operator: lizbethpino, Time: )","SM6028A-5","test",3.483333333,-76.36666667,965,"Valle","Colombia","Mid-altitude torpics","ciat",NA,NA,17.1107464,12.7372808,3,NA,36.5603333,NA,NA,2,100,NA,NA,NA,3,1,NA,NA,5,5,NA,NA,2,3,NA,4,NA,NA,NA,NA,NA,0,5,NA,NA,1,5
2022,"202230BCEPR_ciat","202230BCEPR_ciat",1.2,4,"2022-July-07","2023-May-09","CIAT. Valle, Colombia",NA,"202230BCEPR_ciat_rep1_SM6045A-3_36",1,36,6,1,"test"," (Operator: lizbethpino, Time: )","SM6045A-3","test",3.483333333,-76.36666667,965,"Valle","Colombia","Mid-altitude torpics","ciat",NA,NA,21.1652584,15.362956,2,NA,33.6549034,NA,NA,2,80,NA,NA,NA,3,1,NA,NA,5,5,NA,NA,2,3,NA,3,NA,NA,NA,NA,NA,0,4,NA,NA,1,7
2022,"202230BCEPR_ciat","202230BCEPR_ciat",1.2,4,"2022-July-07","2023-May-09","CIAT. Valle, Colombia",NA,"202230BCEPR_ciat_rep1_SM6073A-2_9",1,9,2,4,"test"," (Operator: lizbethpino, Time: )","SM6073A-2","test",3.483333333,-76.36666667,965,"Valle","Colombia","Mid-altitude torpics","ciat",12.2621712367096,22.5622551762731,17.7561874,11.5107317,3,NA,38.3174858,NA,NA,2,100,NA,NA,NA,3,1,NA,NA,5,4,NA,NA,2,2,NA,3,NA,NA,NA,NA,NA,0,5,NA,NA,1,4
2022,"202230BCEPR_ciat","202230BCEPR_ciat",1.2,4,"2022-July-07","2023-May-09","CIAT. Valle, Colombia",NA,"202230BCEPR_ciat_rep1_SM6089A-10_20",1,20,4,5,"test"," (Operator: lizbethpino, Time: )","SM6089A-10","test",3.483333333,-76.36666667,965,"Valle","Colombia","Mid-altitude torpics","ciat",NA,NA,21.4798775,13.7917824,2,NA,37.5436935,NA,NA,2,80,NA,NA,NA,2,1,NA,NA,5,5,NA,NA,2,3,NA,4,NA,NA,NA,NA,NA,0,4,NA,NA,1,4
2022,"202230BCEPR_ciat","202230BCEPR_ciat",1.2,4,"2022-July-07","2023-May-09","CIAT. Valle, Colombia",NA,"202230BCEPR_ciat_rep1_SM6107A-2_43",1,43,8,6,"test"," (Operator: lizbethpino, Time: )","SM6107A-2","test",3.483333333,-76.36666667,965,"Valle","Colombia","Mid-altitude torpics","ciat",3.57191041554234,7.87236913113867,15.8794632,10.5163889,3,NA,36.3343506,NA,NA,2,100,NA,NA,NA,3,1,NA,NA,5,5,NA,NA,2,3,NA,5,NA,NA,NA,NA,NA,5,5,NA,NA,1,6
2022,"202230BCEPR_ciat","202230BCEPR_ciat",1.2,4,"2022-July-07","2023-May-09","CIAT. Valle, Colombia",NA,"202230BCEPR_ciat_rep1_SM6119A-16_48",1,48,8,1,"test"," (Operator: lizbethpino, Time: )","SM6119A-16","test",3.483333333,-76.36666667,965,"Valle","Colombia","Mid-altitude torpics","ciat",4.03472170479102,8.75493629386782,17.7479038,10.6043568,1,NA,37.0607872,NA,NA,2,100,NA,NA,NA,5,1,NA,NA,5,2,NA,NA,2,3,NA,2,NA,NA,NA,NA,NA,0,5,NA,NA,1,6
2022,"202230BCEPR_ciat","202230BCEPR_ciat",1.2,4,"2022-July-07","2023-May-09","CIAT. Valle, Colombia",NA,"202230BCEPR_ciat_rep1_SM6119A-9_54",1,54,9,5,"test"," (Operator: lizbethpino, Time: )","SM6119A-9","test",3.483333333,-76.36666667,965,"Valle","Colombia","Mid-altitude torpics","ciat",-0.927164978015659,-0.460714968457246,15.5972071,9.7472677,3,NA,34.5427322,NA,NA,2,100,NA,NA,NA,5,1,NA,NA,5,4,NA,NA,2,3,NA,4,NA,NA,NA,NA,NA,12,5,NA,NA,1,4
2022,"202230BCEPR_ciat","202230BCEPR_ciat",1.2,4,"2022-July-07","2023-May-09","CIAT. Valle, Colombia",NA,"202230BCEPR_ciat_rep1_SM6122A-11_14",1,14,3,2,"test"," (Operator: lizbethpino, Time: )","SM6122A-11","test",3.483333333,-76.36666667,965,"Valle","Colombia","Mid-altitude torpics","ciat",5.63769646517984,12.9216624215692,17.2063656,9.487257,3,NA,35.9608192,NA,NA,2,100,NA,NA,NA,3,1,NA,NA,5,3,NA,NA,2,3,NA,3,NA,NA,NA,NA,NA,0,5,NA,NA,1,5
2022,"202230BCEPR_ciat","202230BCEPR_ciat",1.2,4,"2022-July-07","2023-May-09","CIAT. Valle, Colombia",NA,"202230BCEPR_ciat_rep1_SM6142A-14_27",1,27,5,3,"test"," (Operator: lizbethpino, Time: )","SM6142A-14","test",3.483333333,-76.36666667,965,"Valle","Colombia","Mid-altitude torpics","ciat",3.80516751143528,7.51638026950179,20.2961521,12.2882271,3,NA,41.5521088,NA,NA,2,100,NA,NA,NA,4,1,NA,NA,5,3,NA,NA,2,3,NA,2,NA,NA,NA,NA,NA,0,5,NA,NA,1,4
2022,"202230BCEPR_ciat","202230BCEPR_ciat",1.2,4,"2022-July-07","2023-May-09","CIAT. Valle, Colombia",NA,"202230BCEPR_ciat_rep1_SM6163A-12_8",1,8,2,5,"test"," (Operator: lizbethpino, Time: )","SM6163A-12","test",3.483333333,-76.36666667,965,"Valle","Colombia","Mid-altitude torpics","ciat",NA,NA,19.7098522,12.6333427,3,NA,38.8654099,NA,NA,2,100,NA,NA,NA,2,1,NA,NA,5,5,NA,NA,2,3,NA,5,NA,NA,NA,NA,NA,0,5,NA,NA,1,6
2022,"202230BCEPR_ciat","202230BCEPR_ciat",1.2,4,"2022-July-07","2023-May-09","CIAT. Valle, Colombia",NA,"202230BCEPR_ciat_rep1_SM6165A-5_21",1,21,4,4,"test"," (Operator: lizbethpino, Time: )","SM6165A-5","test",3.483333333,-76.36666667,965,"Valle","Colombia","Mid-altitude torpics","ciat",NA,NA,21.7832184,13.9784784,2,NA,37.4672203,NA,NA,2,40,NA,NA,NA,1,1,NA,NA,5,5,NA,NA,2,3,NA,5,NA,NA,NA,NA,NA,4,2,NA,NA,1,4
2022,"202230BCEPR_ciat","202230BCEPR_ciat",1.2,4,"2022-July-07","2023-May-09","CIAT. Valle, Colombia",NA,"202230BCEPR_ciat_rep1_SM6174A-8_31",1,31,6,6,"test"," (Operator: lizbethpino, Time: )","SM6174A-8","test",3.483333333,-76.36666667,965,"Valle","Colombia","Mid-altitude torpics","ciat",5.05554412672289,9.72022217650688,16.0739727,11.4114904,3,NA,39.2572403,NA,NA,2,100,NA,NA,NA,3,1,NA,NA,5,3,NA,NA,2,2,NA,4,NA,NA,NA,NA,NA,1,5,NA,NA,1,8
2022,"202230BCEPR_ciat","202230BCEPR_ciat",1.2,4,"2022-July-07","2023-May-09","CIAT. Valle, Colombia",NA,"202230BCEPR_ciat_rep1_SM6176A-10_53",1,53,9,4,"test"," (Operator: lizbethpino, Time: )","SM6176A-10","test",3.483333333,-76.36666667,965,"Valle","Colombia","Mid-altitude torpics","ciat",NA,NA,22.228159,13.731514,5,NA,38.9529266,NA,NA,2,80,NA,NA,NA,1,1,NA,NA,5,4,NA,NA,2,3,NA,5,NA,NA,NA,NA,NA,0,4,NA,NA,1,6
2022,"202230BCEPR_ciat","202230BCEPR_ciat",1.2,4,"2022-July-07","2023-May-09","CIAT. Valle, Colombia",NA,"202230BCEPR_ciat_rep1_SM6176A-15_46",1,46,8,3,"test"," (Operator: lizbethpino, Time: )","SM6176A-15","test",3.483333333,-76.36666667,965,"Valle","Colombia","Mid-altitude torpics","ciat",NA,NA,15.7754526,12.1461439,3,NA,38.9434395,NA,NA,2,100,NA,NA,NA,1,1,NA,NA,5,5,NA,NA,2,3,NA,5,NA,NA,NA,NA,NA,4,5,NA,NA,1,7
2022,"202230BCEPR_ciat","202230BCEPR_ciat",1.2,4,"2022-July-07","2023-May-09","CIAT. Valle, Colombia",NA,"202230BCEPR_ciat_rep1_SM6217A-1_1",1,1,1,1,"test"," (Operator: lizbethpino, Time: )","SM6217A-1","test",3.483333333,-76.36666667,965,"Valle","Colombia","Mid-altitude torpics","ciat",7.48038908064011,18.5189833699404,19.8669777,10.4391384,3,NA,35.8167419,NA,NA,2,100,NA,NA,NA,3,1,NA,NA,5,3,NA,NA,2,3,NA,3,NA,NA,NA,NA,NA,0,5,NA,NA,1,4
2022,"202230BCEPR_ciat","202230BCEPR_ciat",1.2,4,"2022-July-07","2023-May-09","CIAT. Valle, Colombia",NA,"202230BCEPR_ciat_rep1_SM6218A-12_6",1,6,1,6,"test"," (Operator: lizbethpino, Time: )","SM6218A-12","test",3.483333333,-76.36666667,965,"Valle","Colombia","Mid-altitude torpics","ciat",NA,NA,11.2697792,5.7074413,3,NA,40.8377686,NA,NA,2,100,NA,NA,NA,3,1,NA,NA,5,4,NA,NA,2,3,NA,3,NA,NA,NA,NA,NA,0,5,NA,NA,1,4
2022,"202230BCEPR_ciat","202230BCEPR_ciat",1.2,4,"2022-July-07","2023-May-09","CIAT. Valle, Colombia",NA,"202230BCEPR_ciat_rep1_SM6218A-4_41",1,41,7,5,"test"," (Operator: lizbethpino, Time: )","SM6218A-4","test",3.483333333,-76.36666667,965,"Valle","Colombia","Mid-altitude torpics","ciat",NA,NA,9.1534834,4.6645908,4,NA,40.6261978,NA,NA,2,100,NA,NA,NA,5,1,NA,NA,5,4,NA,NA,2,2,NA,4,NA,NA,NA,NA,NA,12,5,NA,NA,1,4
2022,"202230BCEPR_ciat","202230BCEPR_ciat",1.2,4,"2022-July-07","2023-May-09","CIAT. Valle, Colombia",NA,"202230BCEPR_ciat_rep1_SM6253A-4_22",1,22,4,3,"test"," (Operator: lizbethpino, Time: )","SM6253A-4","test",3.483333333,-76.36666667,965,"Valle","Colombia","Mid-altitude torpics","ciat",8.97412199630314,21.2969808995687,18.9285469,9.9114275,3,NA,41.8354988,NA,NA,2,100,NA,NA,NA,2,1,NA,NA,5,4,NA,NA,2,3,NA,3,NA,NA,NA,NA,NA,1,5,NA,NA,1,5
2022,"202230BCEPR_ciat","202230BCEPR_ciat",1.2,4,"2022-July-07","2023-May-09","CIAT. Valle, Colombia",NA,"202230BCEPR_ciat_rep1_SM6267A-3_18",1,18,3,6,"test"," (Operator: lizbethpino, Time: )","SM6267A-3","test",3.483333333,-76.36666667,965,"Valle","Colombia","Mid-altitude torpics","ciat",8.59992472713583,18.7692886714339,20.5265503,14.7723074,2,NA,38.1095543,NA,NA,2,100,NA,NA,NA,3,1,NA,NA,5,3,NA,NA,2,3,NA,3,NA,NA,NA,NA,NA,0,5,NA,NA,1,6
2022,"202230BCEPR_ciat","202230BCEPR_ciat",1.2,4,"2022-July-07","2023-May-09","CIAT. Valle, Colombia",NA,"202230BCEPR_ciat_rep1_SM6268A-3_26",1,26,5,2,"test"," (Operator: lizbethpino, Time: )","SM6268A-3","test",3.483333333,-76.36666667,965,"Valle","Colombia","Mid-altitude torpics","ciat",NA,NA,22.0026379,14.6369925,3,NA,40.5231323,NA,NA,2,100,NA,NA,NA,4,1,NA,NA,5,3,NA,NA,2,3,NA,4,NA,NA,NA,NA,NA,0,5,NA,NA,1,4
2022,"202230BCEPR_ciat","202230BCEPR_ciat",1.2,4,"2022-July-07","2023-May-09","CIAT. Valle, Colombia",NA,"202230BCEPR_ciat_rep1_SM6276A-15_50",1,50,9,1,"test"," (Operator: lizbethpino, Time: )","SM6276A-15","test",3.483333333,-76.36666667,965,"Valle","Colombia","Mid-altitude torpics","ciat",2.56493741408004,5.67252731350845,22.1719532,17.2735672,2,NA,34.6815071,NA,NA,2,100,NA,NA,NA,5,1,NA,NA,5,3,NA,NA,2,3,NA,3,NA,NA,NA,NA,NA,0,5,NA,NA,1,8
2022,"202230BCEPR_ciat","202230BCEPR_ciat",1.2,4,"2022-July-07","2023-May-09","CIAT. Valle, Colombia",NA,"202230BCEPR_ciat_rep1_SM6276A-25_44",1,44,8,5,"test"," (Operator: lizbethpino, Time: )","SM6276A-25","test",3.483333333,-76.36666667,965,"Valle","Colombia","Mid-altitude torpics","ciat",4.06055718856489,9.37751996462294,20.6289539,13.2969618,3,NA,45.28722,NA,NA,2,100,NA,NA,NA,5,1,NA,NA,5,3,NA,NA,2,3,NA,3,NA,NA,NA,NA,NA,2,5,NA,NA,1,6
2022,"202230BCEPR_ciat","202230BCEPR_ciat",1.2,4,"2022-July-07","2023-May-09","CIAT. Valle, Colombia",NA,"202230BCEPR_ciat_rep1_SM6276A-3_35",1,35,6,2,"test"," (Operator: lizbethpino, Time: )","SM6276A-3","test",3.483333333,-76.36666667,965,"Valle","Colombia","Mid-altitude torpics","ciat",1.49540517961571,3.95433027011976,20.0969486,13.3837891,3,NA,35.2338905,NA,NA,2,100,NA,NA,NA,3,1,NA,NA,5,4,NA,NA,2,3,NA,4,NA,NA,NA,NA,NA,0,5,NA,NA,1,5
2022,"202230BCEPR_ciat","202230BCEPR_ciat",1.2,4,"2022-July-07","2023-May-09","CIAT. Valle, Colombia",NA,"202230BCEPR_ciat_rep1_SM6276A-8_30",1,30,5,6,"test"," (Operator: lizbethpino, Time: )","SM6276A-8","test",3.483333333,-76.36666667,965,"Valle","Colombia","Mid-altitude torpics","ciat",5.3248656570591,14.0498290180752,19.0971432,9.9017611,3,NA,39.1077995,NA,NA,2,100,NA,NA,NA,4,1,NA,NA,5,2,NA,NA,2,3,NA,3,NA,NA,NA,NA,NA,1,5,NA,NA,1,6
2022,"202230BCEPR_ciat","202230BCEPR_ciat",1.2,4,"2022-July-07","2023-May-09","CIAT. Valle, Colombia",NA,"202230BCEPR_ciat_rep1_SM6296A-2_40",1,40,7,4,"test"," (Operator: lizbethpino, Time: )","SM6296A-2","test",3.483333333,-76.36666667,965,"Valle","Colombia","Mid-altitude torpics","ciat",4.12653580002825,10.2160711763875,17.4134712,12.9747963,4,NA,35.5402679,NA,NA,2,80,NA,NA,NA,4,1,NA,NA,5,5,NA,NA,2,3,NA,3,NA,NA,NA,NA,NA,0,4,NA,NA,1,6
2022,"202230BCEPR_ciat","202230BCEPR_ciat",1.2,4,"2022-July-07","2023-May-09","CIAT. Valle, Colombia",NA,"202230BCEPR_ciat_rep1_SM6315A-16_10",1,10,2,3,"test"," (Operator: lizbethpino, Time: )","SM6315A-16","test",3.483333333,-76.36666667,965,"Valle","Colombia","Mid-altitude torpics","ciat",NA,NA,22.0048923,15.5220108,2,NA,38.0758209,NA,NA,2,100,NA,NA,NA,2,1,NA,NA,5,4,NA,NA,2,3,NA,5,NA,NA,NA,NA,NA,0,5,NA,NA,1,4
2022,"202230BCEPR_ciat","202230BCEPR_ciat",1.2,4,"2022-July-07","2023-May-09","CIAT. Valle, Colombia",NA,"202230BCEPR_ciat_rep1_SM6317A-1_17",1,17,3,5,"test"," (Operator: lizbethpino, Time: )","SM6317A-1","test",3.483333333,-76.36666667,965,"Valle","Colombia","Mid-altitude torpics","ciat",NA,NA,21.9491348,14.5989695,3,NA,42.5778847,NA,NA,2,80,NA,NA,NA,3,1,NA,NA,5,3,NA,NA,2,3,NA,3,NA,NA,NA,NA,NA,0,4,NA,NA,1,5
2022,"202230BCEPR_ciat","202230BCEPR_ciat",1.2,4,"2022-July-07","2023-May-09","CIAT. Valle, Colombia",NA,"202230BCEPR_ciat_rep1_SM6319A-1_4",1,4,1,4,"test"," (Operator: lizbethpino, Time: )","SM6319A-1","test",3.483333333,-76.36666667,965,"Valle","Colombia","Mid-altitude torpics","ciat",7.57234191950922,14.8268598248272,17.1600533,12.5746908,3,NA,36.4462013,NA,NA,2,100,NA,NA,NA,2,1,NA,NA,5,5,NA,NA,2,3,NA,4,NA,NA,NA,NA,NA,0,5,NA,NA,1,5
2022,"202230BCEPR_ciat","202230BCEPR_ciat",1.2,4,"2022-July-07","2023-May-09","CIAT. Valle, Colombia",NA,"202230BCEPR_ciat_rep1_SM6369A-12_28",1,28,5,4,"test"," (Operator: lizbethpino, Time: )","SM6369A-12","test",3.483333333,-76.36666667,965,"Valle","Colombia","Mid-altitude torpics","ciat",7.22590429117053,16.409233880027,14.7388649,11.7199917,3,NA,35.9074631,NA,NA,2,100,NA,NA,NA,2,1,NA,NA,5,5,NA,NA,2,3,NA,4,NA,NA,NA,NA,NA,3,5,NA,NA,1,5
2022,"202230BCEPR_ciat","202230BCEPR_ciat",1.2,4,"2022-July-07","2023-May-09","CIAT. Valle, Colombia",NA,"202230BCEPR_ciat_rep1_SM6376A-10_38",1,38,7,2,"test"," (Operator: lizbethpino, Time: )","SM6376A-10","test",3.483333333,-76.36666667,965,"Valle","Colombia","Mid-altitude torpics","ciat",NA,NA,20.3902473,15.3367023,2,NA,35.9101181,NA,NA,2,100,NA,NA,NA,4,1,NA,NA,5,4,NA,NA,2,3,NA,5,NA,NA,NA,NA,NA,0,5,NA,NA,1,7
2022,"202230BCEPR_ciat","202230BCEPR_ciat",1.2,4,"2022-July-07","2023-May-09","CIAT. Valle, Colombia",NA,"202230BCEPR_ciat_rep1_SM6376A-15_39",1,39,7,3,"test"," (Operator: lizbethpino, Time: )","SM6376A-15","test",3.483333333,-76.36666667,965,"Valle","Colombia","Mid-altitude torpics","ciat",NA,NA,22.7401295,15.2351084,3,NA,43.9138489,NA,NA,2,80,NA,NA,NA,3,1,NA,NA,5,4,NA,NA,2,3,NA,4,NA,NA,NA,NA,NA,0,4,NA,NA,1,8
2022,"202230BCEPR_ciat","202230BCEPR_ciat",1.2,4,"2022-July-07","2023-May-09","CIAT. Valle, Colombia",NA,"202230BCEPR_ciat_rep1_SM6376A-22_24",1,24,4,1,"test"," (Operator: lizbethpino, Time: )","SM6376A-22","test",3.483333333,-76.36666667,965,"Valle","Colombia","Mid-altitude torpics","ciat",2.47109699055687,4.84217338863881,16.4435043,11.770874,2,NA,38.9575996,NA,NA,2,100,NA,NA,NA,3,1,NA,NA,5,3,NA,NA,2,3,NA,3,NA,NA,NA,NA,NA,1,5,NA,NA,1,4
2022,"202230BCEPR_ciat","202230BCEPR_ciat",1.2,4,"2022-July-07","2023-May-09","CIAT. Valle, Colombia",NA,"202230BCEPR_ciat_rep1_SM6376A-23_52",1,52,9,3,"test"," (Operator: lizbethpino, Time: )","SM6376A-23","test",3.483333333,-76.36666667,965,"Valle","Colombia","Mid-altitude torpics","ciat",6.88550564893911,13.3094516395701,19.6140518,13.1739368,3,NA,39.5328751,NA,NA,2,100,NA,NA,NA,5,1,NA,NA,5,5,NA,NA,2,3,NA,3,NA,NA,NA,NA,NA,0,5,NA,NA,1,8
2022,"202230BCEPR_ciat","202230BCEPR_ciat",1.2,4,"2022-July-07","2023-May-09","CIAT. Valle, Colombia",NA,"202230BCEPR_ciat_rep1_SM6376A-26_19",1,19,4,6,"test"," (Operator: lizbethpino, Time: )","SM6376A-26","test",3.483333333,-76.36666667,965,"Valle","Colombia","Mid-altitude torpics","ciat",0.0791377750979724,3.24088031353631,17.7875042,13.113863,3,NA,31.6624317,NA,NA,2,100,NA,NA,NA,3,1,NA,NA,5,3,NA,NA,2,2,NA,3,NA,NA,NA,NA,NA,0,5,NA,NA,1,5
2022,"202230BCEPR_ciat","202230BCEPR_ciat",1.2,4,"2022-July-07","2023-May-09","CIAT. Valle, Colombia","Caiseli,Caiselli,CAISELLI","202230BCEPR_ciat_rep1_SMB2446-2_29",1,29,5,5,"check"," (Operator: lizbethpino, Time: )","SMB2446-2_is_Caiseli","check_released",3.483333333,-76.36666667,965,"Valle","Colombia","Mid-altitude torpics","ciat",6.46947501226608,14.4973248288591,1.1463953,0.4775226,1,NA,42.8917961,NA,NA,2,100,NA,NA,NA,2,1,NA,NA,5,3,NA,NA,2,3,NA,4,NA,NA,NA,NA,NA,0,5,NA,NA,1,2
2022,"202230BCEPR_ciat","202230BCEPR_ciat",1.2,4,"2022-July-07","2023-May-09","CIAT. Valle, Colombia","Caiseli,Caiselli,CAISELLI","202230BCEPR_ciat_rep1_SMB2446-2_34",1,34,6,3,"check"," (Operator: lizbethpino, Time: )","SMB2446-2_is_Caiseli","check_released",3.483333333,-76.36666667,965,"Valle","Colombia","Mid-altitude torpics","ciat",6.81786331573786,15.0628299154482,1.3904036,0.734262,2,NA,43.1914864,NA,NA,2,100,NA,NA,NA,2,1,NA,NA,5,3,NA,NA,2,3,NA,3,NA,NA,NA,NA,NA,0,5,NA,NA,1,1
2022,"202230BCEPR_ciat","202230BCEPR_ciat",1.2,4,"2022-July-07","2023-May-09","CIAT. Valle, Colombia","Tai8","202230BCEPR_ciat_rep1_TAI8_13",1,13,3,1,"check"," (Operator: lizbethpino, Time: )","TAI8_is_TAI","check_released",3.483333333,-76.36666667,965,"Valle","Colombia","Mid-altitude torpics","ciat",3.44043336227928,7.46392093619485,2.3469419,1.2470205,2,NA,39.2532768,NA,NA,2,100,NA,NA,NA,3,1,NA,NA,5,4,NA,NA,2,1,NA,3,NA,NA,NA,NA,NA,1,5,NA,NA,1,3
2022,"202230BCEPR_ciat","202230BCEPR_ciat",1.2,4,"2022-July-07","2023-May-09","CIAT. Valle, Colombia","Tai8","202230BCEPR_ciat_rep1_TAI8_37",1,37,7,1,"check"," (Operator: lizbethpino, Time: )","TAI8_is_TAI","check_released",3.483333333,-76.36666667,965,"Valle","Colombia","Mid-altitude torpics","ciat",2.24307892096098,4.01196308757846,3.2105086,1.9848562,2,NA,34.6912155,NA,NA,2,100,NA,NA,NA,4,1,NA,NA,5,4,NA,NA,2,1,NA,3,NA,NA,NA,NA,NA,0,5,NA,NA,1,2
2022,"202230BCEPR_ciat","202230BCEPR_ciat",1.2,4,"2022-July-07","2023-May-09","CIAT. Valle, Colombia","Tai8","202230BCEPR_ciat_rep1_TAI8_49",1,49,9,6,"test"," (Operator: lizbethpino, Time: )","TAI8_is_TAI","check_released",3.483333333,-76.36666667,965,"Valle","Colombia","Mid-altitude torpics","ciat",3.65800050238633,7.28146194423513,2.5225403,1.1866467,2,NA,37.7075081,NA,NA,2,100,NA,NA,NA,3,1,NA,NA,5,4,NA,NA,2,1,NA,3,NA,NA,NA,NA,NA,1,5,NA,NA,1,3
2022,"202238BCEPR_cere","202238BCEPR_cere",1.2,3.5,"2022-August-05","2023-May-10","Cerete. Cordoba, Colombia",NA,"202238BCEPR_cere_rep1_CG1141-1_50",1,50,10,1,"check"," (Operator: lizbethpino, Time: )","CG1141-1_is_Costena","check_released",8.916666667,-76,101,"Cordoba","Colombia","Subhumid lowland tropics","cere",NA,NA,NA,NA,NA,NA,NA,30,NA,4,20,NA,NA,NA,2,1,NA,NA,5,4,NA,NA,NA,NA,NA,NA,NA,NA,NA,NA,NA,NA,1,NA,NA,NA,NA
2022,"202238BCEPR_cere","202238BCEPR_cere",1.2,3.5,"2022-August-05","2023-May-10","Cerete. Cordoba, Colombia",NA,"202238BCEPR_cere_rep1_CM4919-1_23",1,23,5,3,"check"," (Operator: lizbethpino, Time: )","CM4919-1_is_Veronica","check_released",8.916666667,-76,101,"Cordoba","Colombia","Subhumid lowland tropics","cere",NA,NA,NA,NA,NA,38.9978950579622,NA,120,5.6547619047619,4,80,5.6547619047619,2.20523811339667,1.9,4,1,3,NA,5,3,NA,NA,3,3,NA,3,NA,NA,NA,1875,236,0,4,NA,NA,NA,3
2022,"202238BCEPR_cere","202238BCEPR_cere",1.2,3.5,"2022-August-05","2023-May-10","Cerete. Cordoba, Colombia",NA,"202238BCEPR_cere_rep1_COL2215_19",1,19,4,2,"test"," (Operator: lizbethpino, Time: )","COL2215_is_Venezolana","check_released",8.916666667,-76,101,"Cordoba","Colombia","Subhumid lowland tropics","cere",NA,NA,NA,NA,NA,NA,NA,NA,NA,4,0,NA,NA,NA,NA,NA,NA,NA,5,NA,NA,NA,NA,NA,NA,NA,NA,NA,NA,NA,NA,NA,0,NA,NA,NA,NA
2022,"202238BCEPR_cere","202238BCEPR_cere",1.2,3.5,"2022-August-05","2023-May-10","Cerete. Cordoba, Colombia",NA,"202238BCEPR_cere_rep1_COL2215_25",1,25,5,5,"test"," (Operator: lizbethpino, Time: )","COL2215_is_Venezolana","check_released",8.916666667,-76,101,"Cordoba","Colombia","Subhumid lowland tropics","cere",NA,NA,NA,NA,NA,NA,NA,NA,NA,4,0,NA,NA,NA,NA,NA,NA,NA,5,NA,NA,NA,NA,NA,NA,NA,NA,NA,NA,NA,NA,NA,0,NA,NA,NA,NA
2022,"202238BCEPR_cere","202238BCEPR_cere",1.2,3.5,"2022-August-05","2023-May-10","Cerete. Cordoba, Colombia",NA,"202238BCEPR_cere_rep1_COL2215_40",1,40,8,1,"test"," (Operator: lizbethpino, Time: )","COL2215_is_Venezolana","check_released",8.916666667,-76,101,"Cordoba","Colombia","Subhumid lowland tropics","cere",NA,NA,NA,NA,NA,35.1067164179104,NA,145,1.93452380952381,4,60,1.93452380952381,0.679147787846481,0.65,5,1,1,NA,5,4,NA,NA,2,3,NA,3,NA,NA,NA,675,72,0,3,NA,NA,NA,1
2022,"202238BCEPR_cere","202238BCEPR_cere",1.2,3.5,"2022-August-05","2023-May-10","Cerete. Cordoba, Colombia",NA,"202238BCEPR_cere_rep1_COL2215_43",1,43,9,3,"check"," (Operator: lizbethpino, Time: )","COL2215_is_Venezolana","check_released",8.916666667,-76,101,"Cordoba","Colombia","Subhumid lowland tropics","cere",NA,NA,NA,NA,NA,35.4993074792243,NA,165,6.25,4,40,6.25,2.21870671745152,2.1,3,1,3,NA,5,3,NA,NA,1,3,NA,3,NA,NA,NA,2025,220,0,2,NA,NA,NA,1
2022,"202238BCEPR_cere","202238BCEPR_cere",1.2,3.5,"2022-August-05","2023-May-10","Cerete. Cordoba, Colombia",NA,"202238BCEPR_cere_rep1_COL2215_6",1,6,2,5,"test"," (Operator: lizbethpino, Time: )","COL2215_is_Venezolana","check_released",8.916666667,-76,101,"Cordoba","Colombia","Subhumid lowland tropics","cere",NA,NA,NA,NA,NA,NA,NA,180,NA,4,20,NA,NA,NA,4,1,NA,NA,5,2,NA,NA,NA,NA,NA,NA,NA,NA,NA,NA,NA,NA,1,NA,NA,NA,NA
2022,"202238BCEPR_cere","202238BCEPR_cere",1.2,3.5,"2022-August-05","2023-May-10","Cerete. Cordoba, Colombia",NA,"202238BCEPR_cere_rep1_GM12370A-2_48",1,48,10,3,"test"," (Operator: lizbethpino, Time: )","GM12370A-2","test",8.916666667,-76,101,"Cordoba","Colombia","Subhumid lowland tropics","cere",NA,NA,NA,NA,NA,28.0001432664756,NA,50,1.04166666666667,4,20,1.04166666666667,0.291668159025787,0.35,2,1,1,NA,5,4,NA,NA,1,3,NA,4,NA,NA,NA,375,26,0,1,NA,NA,NA,6
2022,"202238BCEPR_cere","202238BCEPR_cere",1.2,3.5,"2022-August-05","2023-May-10","Cerete. Cordoba, Colombia",NA,"202238BCEPR_cere_rep1_GM12421A-2_26",1,26,6,5,"test"," (Operator: lizbethpino, Time: )","GM12421A-2","test",8.916666667,-76,101,"Cordoba","Colombia","Subhumid lowland tropics","cere",NA,NA,NA,NA,NA,31.8507802340702,NA,250,14.7321428571429,4,60,14.7321428571429,4.69230244519784,4.95,3,1,7,NA,5,2,NA,NA,2,3,NA,2,NA,NA,NA,4225,380,0,3,NA,NA,NA,6
2022,"202238BCEPR_cere","202238BCEPR_cere",1.2,3.5,"2022-August-05","2023-May-10","Cerete. Cordoba, Colombia",NA,"202238BCEPR_cere_rep1_GM12569A-9_49",1,49,10,2,"test"," (Operator: lizbethpino, Time: )","GM12569A-9","test",8.916666667,-76,101,"Cordoba","Colombia","Subhumid lowland tropics","cere",NA,NA,NA,NA,NA,22.3423902894491,NA,255,7.14285714285714,4,100,7.14285714285714,1.59588502067494,2.4,3,1,2,NA,5,2,NA,NA,3,3,NA,3,NA,NA,NA,2225,83,0,5,NA,NA,NA,8
2022,"202238BCEPR_cere","202238BCEPR_cere",1.2,3.5,"2022-August-05","2023-May-10","Cerete. Cordoba, Colombia",NA,"202238BCEPR_cere_rep1_GM6302A-31_47",1,47,10,4,"test"," (Operator: lizbethpino, Time: )","GM6302A-31","test",8.916666667,-76,101,"Cordoba","Colombia","Subhumid lowland tropics","cere",NA,NA,NA,NA,NA,27.630824742268,NA,280,8.92857142857143,4,100,8.92857142857143,2.46703792341679,3,4,1,2,NA,5,2,NA,NA,3,3,NA,3,NA,NA,NA,2600,175,0,5,NA,NA,NA,5
2022,"202238BCEPR_cere","202238BCEPR_cere",1.2,3.5,"2022-August-05","2023-May-10","Cerete. Cordoba, Colombia",NA,"202238BCEPR_cere_rep1_SM2775-4_5",1,5,1,5,"check"," (Operator: lizbethpino, Time: )","SM2775-4_is_Bellotti","check_released",8.916666667,-76,101,"Cordoba","Colombia","Subhumid lowland tropics","cere",NA,NA,NA,NA,NA,34.5078093306288,NA,200,8.63095238095238,4,100,8.63095238095238,2.97835259103641,2.9,5,1,2,NA,5,2,NA,NA,3,3,NA,3,NA,NA,NA,2750,285,0,5,NA,NA,NA,1
2022,"202238BCEPR_cere","202238BCEPR_cere",1.2,3.5,"2022-August-05","2023-May-10","Cerete. Cordoba, Colombia",NA,"202238BCEPR_cere_rep1_SM5908A-2_45",1,45,9,5,"test"," (Operator: lizbethpino, Time: )","SM5908A-2","test",8.916666667,-76,101,"Cordoba","Colombia","Subhumid lowland tropics","cere",NA,NA,NA,NA,NA,30.0715197215777,NA,150,6.25,4,100,6.25,1.87946998259861,2.1,5,1,0,NA,5,3,NA,NA,3,3,NA,3,NA,NA,NA,1875,151,3,5,NA,NA,NA,6
2022,"202238BCEPR_cere","202238BCEPR_cere",1.2,3.5,"2022-August-05","2023-May-10","Cerete. Cordoba, Colombia",NA,"202238BCEPR_cere_rep1_SM5950A-4_30",1,30,6,1,"test"," (Operator: lizbethpino, Time: )","SM5950A-4","test",8.916666667,-76,101,"Cordoba","Colombia","Subhumid lowland tropics","cere",NA,NA,NA,NA,NA,NA,NA,50,NA,4,20,NA,NA,NA,2,1,NA,NA,5,5,NA,NA,NA,NA,NA,NA,NA,NA,NA,NA,NA,NA,1,NA,NA,NA,NA
2022,"202238BCEPR_cere","202238BCEPR_cere",1.2,3.5,"2022-August-05","2023-May-10","Cerete. Cordoba, Colombia",NA,"202238BCEPR_cere_rep1_SM5950A-9_44",1,44,9,4,"test"," (Operator: lizbethpino, Time: )","SM5950A-9","test",8.916666667,-76,101,"Cordoba","Colombia","Subhumid lowland tropics","cere",NA,NA,NA,NA,NA,30.6870062370062,NA,130,8.33333333333333,4,100,8.33333333333333,2.55725051975052,2.8,3,1,4,NA,5,2,NA,NA,3,3,NA,3,NA,NA,NA,2625,220,0,5,NA,NA,NA,6
2022,"202238BCEPR_cere","202238BCEPR_cere",1.2,3.5,"2022-August-05","2023-May-10","Cerete. Cordoba, Colombia",NA,"202238BCEPR_cere_rep1_SM6028A-5_42",1,42,9,2,"test"," (Operator: lizbethpino, Time: )","SM6028A-5","test",8.916666667,-76,101,"Cordoba","Colombia","Subhumid lowland tropics","cere",NA,NA,NA,NA,NA,27.8274238227147,NA,120,2.38095238095238,4,80,2.38095238095238,0.662557710064636,0.8,5,2,0,NA,5,3,NA,NA,2,3,NA,4,NA,NA,NA,775,53,0,4,NA,NA,NA,8
2022,"202238BCEPR_cere","202238BCEPR_cere",1.2,3.5,"2022-August-05","2023-May-10","Cerete. Cordoba, Colombia",NA,"202238BCEPR_cere_rep1_SM6045A-3_46",1,46,10,5,"test"," (Operator: lizbethpino, Time: )","SM6045A-3","test",8.916666667,-76,101,"Cordoba","Colombia","Subhumid lowland tropics","cere",NA,NA,NA,NA,NA,25.9332667332667,NA,30,8.03571428571429,4,100,8.03571428571428,2.0839232196375,2.7,4,1,2,NA,5,3,NA,NA,3,3,NA,3,NA,NA,NA,2125,123,0,5,NA,NA,NA,8
2022,"202238BCEPR_cere","202238BCEPR_cere",1.2,3.5,"2022-August-05","2023-May-10","Cerete. Cordoba, Colombia",NA,"202238BCEPR_cere_rep1_SM6073A-2_36",1,36,8,5,"test"," (Operator: lizbethpino, Time: )","SM6073A-2","test",8.916666667,-76,101,"Cordoba","Colombia","Subhumid lowland tropics","cere",NA,NA,NA,NA,NA,NA,NA,NA,NA,4,0,NA,NA,NA,NA,NA,NA,NA,5,NA,NA,NA,NA,NA,NA,NA,NA,NA,NA,NA,NA,NA,0,NA,NA,NA,NA
2022,"202238BCEPR_cere","202238BCEPR_cere",1.2,3.5,"2022-August-05","2023-May-10","Cerete. Cordoba, Colombia",NA,"202238BCEPR_cere_rep1_SM6089A-10_29",1,29,6,2,"test"," (Operator: lizbethpino, Time: )","SM6089A-10","test",8.916666667,-76,101,"Cordoba","Colombia","Subhumid lowland tropics","cere",NA,NA,NA,NA,NA,32.9490384615385,NA,145,3.86904761904762,4,40,3.86904761904762,1.27481398809524,1.3,5,1,3,NA,5,2,NA,NA,2,3,NA,3,NA,NA,NA,1150,110,0,2,NA,NA,NA,5
2022,"202238BCEPR_cere","202238BCEPR_cere",1.2,3.5,"2022-August-05","2023-May-10","Cerete. Cordoba, Colombia",NA,"202238BCEPR_cere_rep1_SM6107A-2_18",1,18,4,3,"test"," (Operator: lizbethpino, Time: )","SM6107A-2","test",8.916666667,-76,101,"Cordoba","Colombia","Subhumid lowland tropics","cere",NA,NA,NA,NA,NA,32.5900304414003,NA,95,2.08333333333333,4,60,2.08333333333333,0.678958967529173,0.7,2,1,2,NA,5,3,NA,NA,2,3,NA,3,NA,NA,NA,725,68,0,3,NA,NA,NA,6
2022,"202238BCEPR_cere","202238BCEPR_cere",1.2,3.5,"2022-August-05","2023-May-10","Cerete. Cordoba, Colombia",NA,"202238BCEPR_cere_rep1_SM6119A-16_27",1,27,6,4,"test"," (Operator: lizbethpino, Time: )","SM6119A-16","test",8.916666667,-76,101,"Cordoba","Colombia","Subhumid lowland tropics","cere",NA,NA,NA,NA,NA,19.9119883040935,NA,220,1.63690476190476,4,80,1.63690476190476,0.325940284739626,0.55,5,1,0,NA,5,3,NA,NA,1,3,NA,4,NA,NA,NA,525,12,0,4,NA,NA,NA,8
2022,"202238BCEPR_cere","202238BCEPR_cere",1.2,3.5,"2022-August-05","2023-May-10","Cerete. Cordoba, Colombia",NA,"202238BCEPR_cere_rep1_SM6119A-9_34",1,34,7,4,"test"," (Operator: lizbethpino, Time: )","SM6119A-9","test",8.916666667,-76,101,"Cordoba","Colombia","Subhumid lowland tropics","cere",NA,NA,NA,NA,NA,23.8887335526316,NA,195,NA,4,100,0,0,0,5,1,0,NA,5,3,NA,NA,2,3,NA,3,NA,NA,NA,1275,59,0,5,NA,NA,NA,6
2022,"202238BCEPR_cere","202238BCEPR_cere",1.2,3.5,"2022-August-05","2023-May-10","Cerete. Cordoba, Colombia",NA,"202238BCEPR_cere_rep1_SM6142A-14_24",1,24,5,4,"test"," (Operator: lizbethpino, Time: )","SM6142A-14","test",8.916666667,-76,101,"Cordoba","Colombia","Subhumid lowland tropics","cere",NA,NA,NA,NA,NA,32.8972789115646,NA,120,1.04166666666667,4,40,1.04166666666667,0.342679988662131,0.35,2,3,0,NA,5,4,NA,NA,2,3,NA,4,NA,NA,NA,325,31,0,2,NA,NA,NA,8
2022,"202238BCEPR_cere","202238BCEPR_cere",1.2,3.5,"2022-August-05","2023-May-10","Cerete. Cordoba, Colombia",NA,"202238BCEPR_cere_rep1_SM6163A-12_38",1,38,8,3,"test"," (Operator: lizbethpino, Time: )","SM6163A-12","test",8.916666667,-76,101,"Cordoba","Colombia","Subhumid lowland tropics","cere",NA,NA,NA,NA,NA,NA,NA,NA,NA,4,0,NA,NA,NA,NA,NA,NA,NA,5,NA,NA,NA,NA,NA,NA,NA,NA,NA,NA,NA,NA,NA,0,NA,NA,NA,NA
2022,"202238BCEPR_cere","202238BCEPR_cere",1.2,3.5,"2022-August-05","2023-May-10","Cerete. Cordoba, Colombia",NA,"202238BCEPR_cere_rep1_SM6165A-5_9",1,9,2,2,"test"," (Operator: lizbethpino, Time: )","SM6165A-5","test",8.916666667,-76,101,"Cordoba","Colombia","Subhumid lowland tropics","cere",NA,NA,NA,NA,NA,30.2598827470686,NA,160,2.08333333333333,4,40,2.08333333333333,0.630414223897262,0.7,3,1,1,NA,5,2,NA,NA,1,3,NA,3,NA,NA,NA,650,53,0,2,NA,NA,NA,7
2022,"202238BCEPR_cere","202238BCEPR_cere",1.2,3.5,"2022-August-05","2023-May-10","Cerete. Cordoba, Colombia",NA,"202238BCEPR_cere_rep1_SM6174A-8_35",1,35,7,5,"test"," (Operator: lizbethpino, Time: )","SM6174A-8","test",8.916666667,-76,101,"Cordoba","Colombia","Subhumid lowland tropics","cere",NA,NA,NA,NA,NA,30.6496059411943,NA,250,12.0535714285714,4,60,12.0535714285714,3.69437214469753,4.05,5,1,7,NA,5,3,NA,NA,2,3,NA,1,NA,NA,NA,3600,301,1,3,NA,NA,NA,6
2022,"202238BCEPR_cere","202238BCEPR_cere",1.2,3.5,"2022-August-05","2023-May-10","Cerete. Cordoba, Colombia",NA,"202238BCEPR_cere_rep1_SM6176A-10_12",1,12,3,2,"test"," (Operator: lizbethpino, Time: )","SM6176A-10","test",8.916666667,-76,101,"Cordoba","Colombia","Subhumid lowland tropics","cere",NA,NA,NA,NA,NA,NA,NA,NA,NA,4,0,NA,NA,NA,NA,NA,NA,NA,5,NA,NA,NA,NA,NA,NA,NA,NA,NA,NA,NA,NA,NA,0,NA,NA,NA,NA
2022,"202238BCEPR_cere","202238BCEPR_cere",1.2,3.5,"2022-August-05","2023-May-10","Cerete. Cordoba, Colombia",NA,"202238BCEPR_cere_rep1_SM6176A-15_1",1,1,1,1,"test"," (Operator: lizbethpino, Time: )","SM6176A-15","test",8.916666667,-76,101,"Cordoba","Colombia","Subhumid lowland tropics","cere",NA,NA,NA,NA,NA,25.5983050847458,NA,90,1.19047619047619,4,80,1.19047619047619,0.304741727199355,0.4,4,2,0,NA,5,3,NA,NA,3,3,NA,4,NA,NA,NA,375,21,0,4,NA,NA,NA,6
2022,"202238BCEPR_cere","202238BCEPR_cere",1.2,3.5,"2022-August-05","2023-May-10","Cerete. Cordoba, Colombia",NA,"202238BCEPR_cere_rep1_SM6217A-1_39",1,39,8,2,"test"," (Operator: lizbethpino, Time: )","SM6217A-1","test",8.916666667,-76,101,"Cordoba","Colombia","Subhumid lowland tropics","cere",NA,NA,NA,NA,NA,NA,NA,NA,NA,4,0,NA,NA,NA,NA,NA,NA,NA,5,NA,NA,NA,NA,NA,NA,NA,NA,NA,NA,NA,NA,NA,0,NA,NA,NA,NA
2022,"202238BCEPR_cere","202238BCEPR_cere",1.2,3.5,"2022-August-05","2023-May-10","Cerete. Cordoba, Colombia",NA,"202238BCEPR_cere_rep1_SM6218A-12_33",1,33,7,3,"test"," (Operator: lizbethpino, Time: )","SM6218A-12","test",8.916666667,-76,101,"Cordoba","Colombia","Subhumid lowland tropics","cere",NA,NA,NA,NA,NA,33.7944444444444,NA,210,13.3928571428571,4,100,13.3928571428571,4.52604166666666,4.5,5,1,7,NA,5,2,NA,NA,3,3,NA,3,NA,NA,NA,3250,325,0,5,NA,NA,NA,5
2022,"202238BCEPR_cere","202238BCEPR_cere",1.2,3.5,"2022-August-05","2023-May-10","Cerete. Cordoba, Colombia",NA,"202238BCEPR_cere_rep1_SM6218A-4_41",1,41,9,1,"test"," (Operator: lizbethpino, Time: )","SM6218A-4","test",8.916666667,-76,101,"Cordoba","Colombia","Subhumid lowland tropics","cere",NA,NA,NA,NA,NA,32.1811926605504,NA,180,7.44047619047619,4,100,7.44047619047619,2.39443397771952,2.5,5,1,2,NA,5,1,NA,NA,3,3,NA,2,NA,NA,NA,2400,220,0,5,NA,NA,NA,5
2022,"202238BCEPR_cere","202238BCEPR_cere",1.2,3.5,"2022-August-05","2023-May-10","Cerete. Cordoba, Colombia",NA,"202238BCEPR_cere_rep1_SM6253A-4_2",1,2,1,2,"test"," (Operator: lizbethpino, Time: )","SM6253A-4","test",8.916666667,-76,101,"Cordoba","Colombia","Subhumid lowland tropics","cere",NA,NA,NA,NA,NA,NA,NA,130,NA,4,40,NA,NA,NA,3,3,NA,NA,5,2,NA,NA,1,3,NA,5,NA,NA,NA,NA,NA,NA,2,NA,NA,NA,NA
2022,"202238BCEPR_cere","202238BCEPR_cere",1.2,3.5,"2022-August-05","2023-May-10","Cerete. Cordoba, Colombia",NA,"202238BCEPR_cere_rep1_SM6267A-3_31",1,31,7,1,"test"," (Operator: lizbethpino, Time: )","SM6267A-3","test",8.916666667,-76,101,"Cordoba","Colombia","Subhumid lowland tropics","cere",NA,NA,NA,NA,NA,31.9895894428152,NA,125,1.19047619047619,4,60,1.19047619047619,0.3808284457478,0.4,3,1,0,NA,5,3,NA,NA,3,3,NA,4,NA,NA,NA,375,34,0,3,NA,NA,NA,8
2022,"202238BCEPR_cere","202238BCEPR_cere",1.2,3.5,"2022-August-05","2023-May-10","Cerete. Cordoba, Colombia",NA,"202238BCEPR_cere_rep1_SM6268A-3_11",1,11,3,1,"test"," (Operator: lizbethpino, Time: )","SM6268A-3","test",8.916666667,-76,101,"Cordoba","Colombia","Subhumid lowland tropics","cere",NA,NA,NA,NA,NA,28.1851632047477,NA,290,2.23214285714286,4,80,2.23214285714286,0.629133107248832,0.75,3,1,1,NA,5,1,NA,NA,3,3,NA,4,NA,NA,NA,725,51,0,4,NA,NA,NA,8
2022,"202238BCEPR_cere","202238BCEPR_cere",1.2,3.5,"2022-August-05","2023-May-10","Cerete. Cordoba, Colombia",NA,"202238BCEPR_cere_rep1_SM6276A-15_15",1,15,3,5,"test"," (Operator: lizbethpino, Time: )","SM6276A-15","test",8.916666667,-76,101,"Cordoba","Colombia","Subhumid lowland tropics","cere",NA,NA,NA,NA,NA,NA,NA,155,NA,4,20,NA,NA,NA,2,2,NA,NA,5,2,NA,NA,NA,NA,NA,NA,NA,NA,NA,NA,NA,NA,1,NA,NA,NA,NA
2022,"202238BCEPR_cere","202238BCEPR_cere",1.2,3.5,"2022-August-05","2023-May-10","Cerete. Cordoba, Colombia",NA,"202238BCEPR_cere_rep1_SM6276A-25_37",1,37,8,4,"test"," (Operator: lizbethpino, Time: )","SM6276A-25","test",8.916666667,-76,101,"Cordoba","Colombia","Subhumid lowland tropics","cere",NA,NA,NA,NA,NA,23.6952702702703,NA,230,7.29166666666667,4,80,7.29166666666667,1.72778012387388,2.45,3,1,2,NA,5,3,NA,NA,3,3,NA,3,NA,NA,NA,2325,105,0,4,NA,NA,NA,4
2022,"202238BCEPR_cere","202238BCEPR_cere",1.2,3.5,"2022-August-05","2023-May-10","Cerete. Cordoba, Colombia",NA,"202238BCEPR_cere_rep1_SM6276A-3_4",1,4,1,4,"test"," (Operator: lizbethpino, Time: )","SM6276A-3","test",8.916666667,-76,101,"Cordoba","Colombia","Subhumid lowland tropics","cere",NA,NA,NA,NA,NA,20.3869501466276,NA,150,2.38095238095238,4,40,2.38095238095238,0.485403574919705,0.8,4,1,0,NA,5,2,NA,NA,2,3,NA,3,NA,NA,NA,700,18,0,2,NA,NA,NA,8
2022,"202238BCEPR_cere","202238BCEPR_cere",1.2,3.5,"2022-August-05","2023-May-10","Cerete. Cordoba, Colombia",NA,"202238BCEPR_cere_rep1_SM6276A-8_21",1,21,5,1,"test"," (Operator: lizbethpino, Time: )","SM6276A-8","test",8.916666667,-76,101,"Cordoba","Colombia","Subhumid lowland tropics","cere",NA,NA,NA,NA,NA,NA,NA,NA,NA,4,0,NA,NA,NA,NA,NA,NA,NA,5,NA,NA,NA,NA,NA,NA,NA,NA,NA,NA,NA,NA,NA,0,NA,NA,NA,NA
2022,"202238BCEPR_cere","202238BCEPR_cere",1.2,3.5,"2022-August-05","2023-May-10","Cerete. Cordoba, Colombia",NA,"202238BCEPR_cere_rep1_SM6296A-2_13",1,13,3,3,"test"," (Operator: lizbethpino, Time: )","SM6296A-2","test",8.916666667,-76,101,"Cordoba","Colombia","Subhumid lowland tropics","cere",NA,NA,NA,NA,NA,26.5877049180328,NA,145,1.04166666666667,4,60,1.04166666666667,0.276955259562842,0.35,3,2,0,NA,5,2,NA,NA,1,3,NA,4,NA,NA,NA,325,20,0,3,NA,NA,NA,6
2022,"202238BCEPR_cere","202238BCEPR_cere",1.2,3.5,"2022-August-05","2023-May-10","Cerete. Cordoba, Colombia",NA,"202238BCEPR_cere_rep1_SM6315A-16_8",1,8,2,3,"test"," (Operator: lizbethpino, Time: )","SM6315A-16","test",8.916666667,-76,101,"Cordoba","Colombia","Subhumid lowland tropics","cere",NA,NA,NA,NA,NA,21.4417355371901,NA,180,0.446428571428571,4,80,0.446428571428571,0.0957220336481701,0.15,3,3,0,NA,5,3,NA,NA,2,3,NA,5,NA,NA,NA,125,4,0,4,NA,NA,NA,6
2022,"202238BCEPR_cere","202238BCEPR_cere",1.2,3.5,"2022-August-05","2023-May-10","Cerete. Cordoba, Colombia",NA,"202238BCEPR_cere_rep1_SM6317A-1_14",1,14,3,4,"test"," (Operator: lizbethpino, Time: )","SM6317A-1","test",8.916666667,-76,101,"Cordoba","Colombia","Subhumid lowland tropics","cere",NA,NA,NA,NA,NA,23.7251396648045,NA,195,1.48809523809524,4,60,1.48809523809524,0.3530526735834,0.5,3,1,0,NA,5,2,NA,NA,2,3,NA,4,NA,NA,NA,375,17,0,3,NA,NA,NA,8
2022,"202238BCEPR_cere","202238BCEPR_cere",1.2,3.5,"2022-August-05","2023-May-10","Cerete. Cordoba, Colombia",NA,"202238BCEPR_cere_rep1_SM6319A-1_7",1,7,2,4,"test"," (Operator: lizbethpino, Time: )","SM6319A-1","test",8.916666667,-76,101,"Cordoba","Colombia","Subhumid lowland tropics","cere",NA,NA,NA,NA,NA,20.9030477759472,NA,80,1.93452380952381,4,80,1.93452380952381,0.404374436141836,0.65,4,2,0,NA,5,3,NA,NA,2,3,NA,4,NA,NA,NA,625,18,0,4,NA,NA,NA,8
2022,"202238BCEPR_cere","202238BCEPR_cere",1.2,3.5,"2022-August-05","2023-May-10","Cerete. Cordoba, Colombia",NA,"202238BCEPR_cere_rep1_SM6369A-12_16",1,16,4,5,"test"," (Operator: lizbethpino, Time: )","SM6369A-12","test",8.916666667,-76,101,"Cordoba","Colombia","Subhumid lowland tropics","cere",NA,NA,NA,NA,NA,25.2331518257527,NA,185,5.05952380952381,4,60,5.05952380952381,1.27667732451725,1.7,2,1,2,NA,5,2,NA,NA,1,3,NA,2,NA,NA,NA,1650,89,0,3,NA,NA,NA,8
2022,"202238BCEPR_cere","202238BCEPR_cere",1.2,3.5,"2022-August-05","2023-May-10","Cerete. Cordoba, Colombia",NA,"202238BCEPR_cere_rep1_SM6376A-10_17",1,17,4,4,"test"," (Operator: lizbethpino, Time: )","SM6376A-10","test",8.916666667,-76,101,"Cordoba","Colombia","Subhumid lowland tropics","cere",NA,NA,NA,NA,NA,32.135534591195,NA,120,0.892857142857143,4,80,0.892857142857143,0.286924415992812,0.3,3,1,0,NA,5,4,NA,NA,2,3,NA,4,NA,NA,NA,175,16,0,4,NA,NA,NA,8
2022,"202238BCEPR_cere","202238BCEPR_cere",1.2,3.5,"2022-August-05","2023-May-10","Cerete. Cordoba, Colombia",NA,"202238BCEPR_cere_rep1_SM6376A-15_10",1,10,2,1,"test"," (Operator: lizbethpino, Time: )","SM6376A-15","test",8.916666667,-76,101,"Cordoba","Colombia","Subhumid lowland tropics","cere",NA,NA,NA,NA,NA,27.6112349914236,NA,125,2.67857142857143,4,100,2.67857142857143,0.739586651555989,0.9,4,2,0,NA,5,2,NA,NA,3,3,NA,3,NA,NA,NA,625,42,0,5,NA,NA,NA,8
2022,"202238BCEPR_cere","202238BCEPR_cere",1.2,3.5,"2022-August-05","2023-May-10","Cerete. Cordoba, Colombia",NA,"202238BCEPR_cere_rep1_SM6376A-22_28",1,28,6,3,"test"," (Operator: lizbethpino, Time: )","SM6376A-22","test",8.916666667,-76,101,"Cordoba","Colombia","Subhumid lowland tropics","cere",NA,NA,NA,NA,NA,27.5815998412068,NA,250,6.69642857142857,4,100,6.69642857142857,1.84698213222367,2.25,5,1,2,NA,5,3,NA,NA,3,3,NA,3,NA,NA,NA,2700,181,0,5,NA,NA,NA,8
2022,"202238BCEPR_cere","202238BCEPR_cere",1.2,3.5,"2022-August-05","2023-May-10","Cerete. Cordoba, Colombia",NA,"202238BCEPR_cere_rep1_SM6376A-23_22",1,22,5,2,"test"," (Operator: lizbethpino, Time: )","SM6376A-23","test",8.916666667,-76,101,"Cordoba","Colombia","Subhumid lowland tropics","cere",NA,NA,NA,NA,NA,29.3293876026886,NA,160,8.92857142857143,4,80,8.92857142857143,2.61869532166862,3,4,1,2,NA,5,2,NA,NA,2,3,NA,2,NA,NA,NA,2900,222,0,4,NA,NA,NA,5
2022,"202238BCEPR_cere","202238BCEPR_cere",1.2,3.5,"2022-August-05","2023-May-10","Cerete. Cordoba, Colombia",NA,"202238BCEPR_cere_rep1_SM6376A-26_20",1,20,4,1,"test"," (Operator: lizbethpino, Time: )","SM6376A-26","test",8.916666667,-76,101,"Cordoba","Colombia","Subhumid lowland tropics","cere",NA,NA,NA,NA,NA,23.956993006993,NA,155,2.08333333333333,4,100,2.08333333333333,0.499104020979021,0.7,5,3,0,NA,5,3,NA,NA,3,3,NA,4,NA,NA,NA,750,35,0,5,NA,NA,NA,8
2022,"202238BCEPR_cere","202238BCEPR_cere",1.2,3.5,"2022-August-05","2023-May-10","Cerete. Cordoba, Colombia","Caiseli,Caiselli,CAISELLI","202238BCEPR_cere_rep1_SMB2446-2_32",1,32,7,2,"check"," (Operator: lizbethpino, Time: )","SMB2446-2_is_Caiseli","check_released",8.916666667,-76,101,"Cordoba","Colombia","Subhumid lowland tropics","cere",NA,NA,NA,NA,NA,35.971799790722,NA,200,9.97023809523809,4,100,9.97023809523809,3.58647408627734,3.35,5,1,3,NA,5,2,NA,NA,3,3,NA,3,NA,NA,NA,3225,358,1,5,NA,NA,NA,1
2022,"202238BCEPR_cere","202238BCEPR_cere",1.2,3.5,"2022-August-05","2023-May-10","Cerete. Cordoba, Colombia","Tai8","202238BCEPR_cere_rep1_TAI8_3",1,3,1,3,"check"," (Operator: lizbethpino, Time: )","TAI8_is_TAI","check_released",8.916666667,-76,101,"Cordoba","Colombia","Subhumid lowland tropics","cere",NA,NA,NA,NA,NA,34.0808360477741,NA,140,10.1190476190476,4,40,10.1190476190476,3.44865602864381,3.4,4,1,4,NA,5,2,NA,NA,2,1,NA,1,NA,NA,NA,3075,312,0,2,NA,NA,NA,2
2022,"202238BCEPR_cere","202238BCEPR_cere",1.2,3.5,"2022-August-05","2023-May-10","Cerete. Cordoba, Colombia",NA,"202238BCEPR_cere_rep2_CG1141-1_92",2,92,9,7,"check"," (Operator: lizbethpino, Time: )","CG1141-1_is_Costena","check_released",8.916666667,-76,101,"Cordoba","Colombia","Subhumid lowland tropics","cere",NA,NA,NA,NA,NA,35.7190092165899,NA,150,9.22619047619048,4,40,9.22619047619047,3.29550382653062,3.1,3,1,5,NA,5,3,NA,NA,2,3,NA,3,NA,NA,NA,2925,321,0,2,NA,NA,NA,1
2022,"202238BCEPR_cere","202238BCEPR_cere",1.2,3.5,"2022-August-05","2023-May-10","Cerete. Cordoba, Colombia",NA,"202238BCEPR_cere_rep2_CM4919-1_54",2,54,1,9,"check"," (Operator: lizbethpino, Time: )","CM4919-1_is_Veronica","check_released",8.916666667,-76,101,"Cordoba","Colombia","Subhumid lowland tropics","cere",NA,NA,NA,NA,NA,35.5734587417009,NA,130,12.202380952381,4,100,12.202380952381,4.34080895360041,4.1,5,1,4,NA,5,3,NA,NA,3,3,NA,2,NA,NA,NA,3550,387,0,5,NA,NA,NA,4
2022,"202238BCEPR_cere","202238BCEPR_cere",1.2,3.5,"2022-August-05","2023-May-10","Cerete. Cordoba, Colombia",NA,"202238BCEPR_cere_rep2_COL2215_59",2,59,2,7,"test"," (Operator: lizbethpino, Time: )","COL2215_is_Venezolana","check_released",8.916666667,-76,101,"Cordoba","Colombia","Subhumid lowland tropics","cere",NA,NA,NA,NA,NA,NA,NA,NA,NA,4,0,NA,NA,NA,NA,NA,NA,NA,5,NA,NA,NA,NA,NA,NA,NA,NA,NA,NA,NA,NA,NA,0,NA,NA,NA,NA
2022,"202238BCEPR_cere","202238BCEPR_cere",1.2,3.5,"2022-August-05","2023-May-10","Cerete. Cordoba, Colombia",NA,"202238BCEPR_cere_rep2_COL2215_65",2,65,3,10,"test"," (Operator: lizbethpino, Time: )","COL2215_is_Venezolana","check_released",8.916666667,-76,101,"Cordoba","Colombia","Subhumid lowland tropics","cere",NA,NA,NA,NA,NA,NA,NA,NA,NA,4,0,NA,NA,NA,NA,NA,NA,NA,5,NA,NA,NA,NA,NA,NA,NA,NA,NA,NA,NA,NA,NA,0,NA,NA,NA,NA
2022,"202238BCEPR_cere","202238BCEPR_cere",1.2,3.5,"2022-August-05","2023-May-10","Cerete. Cordoba, Colombia",NA,"202238BCEPR_cere_rep2_COL2215_70",2,70,4,6,"test"," (Operator: lizbethpino, Time: )","COL2215_is_Venezolana","check_released",8.916666667,-76,101,"Cordoba","Colombia","Subhumid lowland tropics","cere",NA,NA,NA,NA,NA,34.3544585987261,NA,150,4.76190476190476,4,60,4.76190476190476,1.63592659993934,1.6,3,1,1,NA,5,3,NA,NA,3,3,NA,4,NA,NA,NA,1575,162,0,3,NA,NA,NA,1
2022,"202238BCEPR_cere","202238BCEPR_cere",1.2,3.5,"2022-August-05","2023-May-10","Cerete. Cordoba, Colombia",NA,"202238BCEPR_cere_rep2_COL2215_82",2,82,7,7,"check"," (Operator: lizbethpino, Time: )","COL2215_is_Venezolana","check_released",8.916666667,-76,101,"Cordoba","Colombia","Subhumid lowland tropics","cere",NA,NA,NA,NA,NA,NA,NA,NA,NA,4,20,NA,NA,NA,2,NA,NA,NA,5,NA,NA,NA,NA,NA,NA,NA,NA,NA,NA,NA,NA,NA,1,NA,NA,NA,NA
2022,"202238BCEPR_cere","202238BCEPR_cere",1.2,3.5,"2022-August-05","2023-May-10","Cerete. Cordoba, Colombia",NA,"202238BCEPR_cere_rep2_COL2215_93",2,93,9,8,"test"," (Operator: lizbethpino, Time: )","COL2215_is_Venezolana","check_released",8.916666667,-76,101,"Cordoba","Colombia","Subhumid lowland tropics","cere",NA,NA,NA,NA,NA,NA,NA,NA,NA,4,0,NA,NA,NA,NA,NA,NA,NA,5,NA,NA,NA,NA,NA,NA,NA,NA,NA,NA,NA,NA,NA,0,NA,NA,NA,NA
2022,"202238BCEPR_cere","202238BCEPR_cere",1.2,3.5,"2022-August-05","2023-May-10","Cerete. Cordoba, Colombia",NA,"202238BCEPR_cere_rep2_GM12370A-2_83",2,83,7,8,"test"," (Operator: lizbethpino, Time: )","GM12370A-2","test",8.916666667,-76,101,"Cordoba","Colombia","Subhumid lowland tropics","cere",NA,NA,NA,NA,NA,NA,NA,NA,NA,4,0,NA,NA,NA,NA,NA,NA,NA,5,NA,NA,NA,NA,NA,NA,NA,NA,NA,NA,NA,NA,NA,0,NA,NA,NA,NA
2022,"202238BCEPR_cere","202238BCEPR_cere",1.2,3.5,"2022-August-05","2023-May-10","Cerete. Cordoba, Colombia",NA,"202238BCEPR_cere_rep2_GM12421A-2_57",2,57,2,9,"test"," (Operator: lizbethpino, Time: )","GM12421A-2","test",8.916666667,-76,101,"Cordoba","Colombia","Subhumid lowland tropics","cere",NA,NA,NA,NA,NA,28.631185638742,NA,210,13.2440476190476,4,80,13.2440476190476,3.79192785989291,4.45,5,1,9,NA,5,3,NA,NA,2,3,NA,2,NA,NA,NA,3875,282,0,4,NA,NA,NA,6
2022,"202238BCEPR_cere","202238BCEPR_cere",1.2,3.5,"2022-August-05","2023-May-10","Cerete. Cordoba, Colombia",NA,"202238BCEPR_cere_rep2_GM12569A-9_61",2,61,3,6,"test"," (Operator: lizbethpino, Time: )","GM12569A-9","test",8.916666667,-76,101,"Cordoba","Colombia","Subhumid lowland tropics","cere",NA,NA,NA,NA,NA,30.5131744604316,NA,250,7.44047619047619,4,100,7.44047619047619,2.27032548068687,2.5,5,1,4,NA,5,2,NA,NA,3,3,NA,3,NA,NA,NA,2425,201,0,5,NA,NA,NA,8
2022,"202238BCEPR_cere","202238BCEPR_cere",1.2,3.5,"2022-August-05","2023-May-10","Cerete. Cordoba, Colombia",NA,"202238BCEPR_cere_rep2_GM6302A-31_67",2,67,4,9,"test"," (Operator: lizbethpino, Time: )","GM6302A-31","test",8.916666667,-76,101,"Cordoba","Colombia","Subhumid lowland tropics","cere",NA,NA,NA,NA,NA,24.5394736842105,NA,280,8.18452380952381,4,100,8.18452380952381,2.00843906641604,2.75,5,1,4,NA,5,2,NA,NA,3,3,NA,2,NA,NA,NA,2600,130,0,5,NA,NA,NA,5
2022,"202238BCEPR_cere","202238BCEPR_cere",1.2,3.5,"2022-August-05","2023-May-10","Cerete. Cordoba, Colombia",NA,"202238BCEPR_cere_rep2_SM2775-4_96",2,96,10,10,"check"," (Operator: lizbethpino, Time: )","SM2775-4_is_Bellotti","check_released",8.916666667,-76,101,"Cordoba","Colombia","Subhumid lowland tropics","cere",NA,NA,NA,NA,NA,42.3722222222222,NA,150,6.84523809523809,4,40,6.84523809523809,2.9004794973545,2.3,3,1,0,NA,5,2,NA,NA,2,3,NA,4,NA,NA,NA,2150,305,0,2,NA,NA,NA,1
2022,"202238BCEPR_cere","202238BCEPR_cere",1.2,3.5,"2022-August-05","2023-May-10","Cerete. Cordoba, Colombia",NA,"202238BCEPR_cere_rep2_SM5908A-2_81",2,81,7,6,"test"," (Operator: lizbethpino, Time: )","SM5908A-2","test",8.916666667,-76,101,"Cordoba","Colombia","Subhumid lowland tropics","cere",NA,NA,NA,NA,NA,28.6869294605809,NA,190,7.88690476190476,4,100,7.88690476190476,2.26251080567081,2.65,5,1,6,NA,5,3,NA,NA,3,3,NA,2,NA,NA,NA,2600,190,0,5,NA,NA,NA,8
2022,"202238BCEPR_cere","202238BCEPR_cere",1.2,3.5,"2022-August-05","2023-May-10","Cerete. Cordoba, Colombia",NA,"202238BCEPR_cere_rep2_SM5950A-4_98",2,98,10,8,"test"," (Operator: lizbethpino, Time: )","SM5950A-4","test",8.916666667,-76,101,"Cordoba","Colombia","Subhumid lowland tropics","cere",NA,NA,NA,NA,NA,NA,NA,NA,NA,4,20,NA,NA,NA,3,NA,NA,NA,5,NA,NA,NA,NA,NA,NA,NA,NA,NA,NA,NA,NA,NA,1,NA,NA,NA,NA
2022,"202238BCEPR_cere","202238BCEPR_cere",1.2,3.5,"2022-August-05","2023-May-10","Cerete. Cordoba, Colombia",NA,"202238BCEPR_cere_rep2_SM5950A-9_71",2,71,5,6,"test"," (Operator: lizbethpino, Time: )","SM5950A-9","test",8.916666667,-76,101,"Cordoba","Colombia","Subhumid lowland tropics","cere",NA,NA,NA,NA,NA,32.6672364672364,NA,80,2.38095238095238,4,80,2.38095238095238,0.777791344458009,0.8,3,1,1,NA,5,3,NA,NA,2,3,NA,3,NA,NA,NA,775,73,0,4,NA,NA,NA,4
2022,"202238BCEPR_cere","202238BCEPR_cere",1.2,3.5,"2022-August-05","2023-May-10","Cerete. Cordoba, Colombia",NA,"202238BCEPR_cere_rep2_SM6028A-5_78",2,78,6,8,"test"," (Operator: lizbethpino, Time: )","SM6028A-5","test",8.916666667,-76,101,"Cordoba","Colombia","Subhumid lowland tropics","cere",NA,NA,NA,NA,NA,26.5166463785758,NA,170,5.50595238095238,4,100,5.50595238095238,1.45999392262992,1.85,3,2,1,NA,5,3,NA,NA,3,3,NA,3,NA,NA,NA,1750,107,0,5,NA,NA,NA,8
2022,"202238BCEPR_cere","202238BCEPR_cere",1.2,3.5,"2022-August-05","2023-May-10","Cerete. Cordoba, Colombia",NA,"202238BCEPR_cere_rep2_SM6045A-3_84",2,84,7,9,"test"," (Operator: lizbethpino, Time: )","SM6045A-3","test",8.916666667,-76,101,"Cordoba","Colombia","Subhumid lowland tropics","cere",NA,NA,NA,NA,NA,25.2997328584149,NA,125,7.44047619047619,4,100,7.44047619047619,1.88242059958444,2.5,3,1,2,NA,5,3,NA,NA,3,3,NA,2,NA,NA,NA,2375,129,0,5,NA,NA,NA,8
2022,"202238BCEPR_cere","202238BCEPR_cere",1.2,3.5,"2022-August-05","2023-May-10","Cerete. Cordoba, Colombia",NA,"202238BCEPR_cere_rep2_SM6073A-2_88",2,88,8,8,"test"," (Operator: lizbethpino, Time: )","SM6073A-2","test",8.916666667,-76,101,"Cordoba","Colombia","Subhumid lowland tropics","cere",NA,NA,NA,NA,NA,NA,NA,NA,NA,4,0,NA,NA,NA,NA,NA,NA,NA,5,NA,NA,NA,NA,NA,NA,NA,NA,NA,NA,NA,NA,NA,0,NA,NA,NA,NA
2022,"202238BCEPR_cere","202238BCEPR_cere",1.2,3.5,"2022-August-05","2023-May-10","Cerete. Cordoba, Colombia",NA,"202238BCEPR_cere_rep2_SM6089A-10_60",2,60,2,6,"test"," (Operator: lizbethpino, Time: )","SM6089A-10","test",8.916666667,-76,101,"Cordoba","Colombia","Subhumid lowland tropics","cere",NA,NA,NA,NA,NA,25.2811074012243,NA,120,5.6547619047619,4,60,5.6547619047619,1.42958643042637,1.9,5,1,5,NA,5,2,NA,NA,2,3,NA,3,NA,NA,NA,1900,103,0,3,NA,NA,NA,4
2022,"202238BCEPR_cere","202238BCEPR_cere",1.2,3.5,"2022-August-05","2023-May-10","Cerete. Cordoba, Colombia",NA,"202238BCEPR_cere_rep2_SM6107A-2_51",2,51,1,6,"test"," (Operator: lizbethpino, Time: )","SM6107A-2","test",8.916666667,-76,101,"Cordoba","Colombia","Subhumid lowland tropics","cere",NA,NA,NA,NA,NA,27.8409991742361,NA,220,4.16666666666667,4,100,4.16666666666667,1.16004163225984,1.4,5,1,1,NA,5,2,NA,NA,3,3,NA,4,NA,NA,NA,1300,89,0,5,NA,NA,NA,4
2022,"202238BCEPR_cere","202238BCEPR_cere",1.2,3.5,"2022-August-05","2023-May-10","Cerete. Cordoba, Colombia",NA,"202238BCEPR_cere_rep2_SM6119A-16_99",2,99,10,7,"test"," (Operator: lizbethpino, Time: )","SM6119A-16","test",8.916666667,-76,101,"Cordoba","Colombia","Subhumid lowland tropics","cere",NA,NA,NA,NA,NA,23.5303964757709,NA,180,4.91071428571429,4,40,4.91071428571429,1.15551054122089,1.65,3,1,1,NA,5,2,NA,NA,2,3,NA,3,NA,NA,NA,1425,63,0,2,NA,NA,NA,5
2022,"202238BCEPR_cere","202238BCEPR_cere",1.2,3.5,"2022-August-05","2023-May-10","Cerete. Cordoba, Colombia",NA,"202238BCEPR_cere_rep2_SM6119A-9_89",2,89,8,7,"test"," (Operator: lizbethpino, Time: )","SM6119A-9","test",8.916666667,-76,101,"Cordoba","Colombia","Subhumid lowland tropics","cere",NA,NA,NA,NA,NA,24.5394736842105,NA,180,0.297619047619048,4,40,0.297619047619048,0.0730341478696741,0.1,2,1,0,NA,5,3,NA,NA,1,3,NA,4,NA,NA,NA,100,5,0,2,NA,NA,NA,6
2022,"202238BCEPR_cere","202238BCEPR_cere",1.2,3.5,"2022-August-05","2023-May-10","Cerete. Cordoba, Colombia",NA,"202238BCEPR_cere_rep2_SM6142A-14_58",2,58,2,8,"test"," (Operator: lizbethpino, Time: )","SM6142A-14","test",8.916666667,-76,101,"Cordoba","Colombia","Subhumid lowland tropics","cere",NA,NA,NA,NA,NA,25.8829371816638,NA,195,2.08333333333333,4,80,2.08333333333333,0.539227857951329,0.7,5,2,0,NA,5,3,NA,NA,2,3,NA,3,NA,NA,NA,625,36,0,4,NA,NA,NA,8
2022,"202238BCEPR_cere","202238BCEPR_cere",1.2,3.5,"2022-August-05","2023-May-10","Cerete. Cordoba, Colombia",NA,"202238BCEPR_cere_rep2_SM6163A-12_63",2,63,3,8,"test"," (Operator: lizbethpino, Time: )","SM6163A-12","test",8.916666667,-76,101,"Cordoba","Colombia","Subhumid lowland tropics","cere",NA,NA,NA,NA,NA,NA,NA,NA,NA,4,0,NA,NA,NA,NA,NA,NA,NA,5,NA,NA,NA,NA,NA,NA,NA,NA,NA,NA,NA,NA,NA,0,NA,NA,NA,NA
2022,"202238BCEPR_cere","202238BCEPR_cere",1.2,3.5,"2022-August-05","2023-May-10","Cerete. Cordoba, Colombia",NA,"202238BCEPR_cere_rep2_SM6165A-5_77",2,77,6,9,"test"," (Operator: lizbethpino, Time: )","SM6165A-5","test",8.916666667,-76,101,"Cordoba","Colombia","Subhumid lowland tropics","cere",NA,NA,NA,NA,NA,NA,NA,NA,NA,4,0,NA,NA,NA,NA,NA,NA,NA,5,NA,NA,NA,NA,NA,NA,NA,NA,NA,NA,NA,NA,NA,0,NA,NA,NA,NA
2022,"202238BCEPR_cere","202238BCEPR_cere",1.2,3.5,"2022-August-05","2023-May-10","Cerete. Cordoba, Colombia",NA,"202238BCEPR_cere_rep2_SM6174A-8_66",2,66,4,10,"test"," (Operator: lizbethpino, Time: )","SM6174A-8","test",8.916666667,-76,101,"Cordoba","Colombia","Subhumid lowland tropics","cere",NA,NA,NA,NA,NA,26.9907827905587,NA,290,12.0535714285714,4,100,12.0535714285714,3.25335328279056,4.05,5,1,4,NA,5,1,NA,NA,3,3,NA,2,NA,NA,NA,3575,228,3,5,NA,NA,NA,5
2022,"202238BCEPR_cere","202238BCEPR_cere",1.2,3.5,"2022-August-05","2023-May-10","Cerete. Cordoba, Colombia",NA,"202238BCEPR_cere_rep2_SM6176A-10_69",2,69,4,7,"test"," (Operator: lizbethpino, Time: )","SM6176A-10","test",8.916666667,-76,101,"Cordoba","Colombia","Subhumid lowland tropics","cere",NA,NA,NA,NA,NA,NA,NA,NA,NA,4,0,NA,NA,NA,NA,NA,NA,NA,5,NA,NA,NA,NA,NA,NA,NA,NA,NA,NA,NA,NA,NA,0,NA,NA,NA,NA
2022,"202238BCEPR_cere","202238BCEPR_cere",1.2,3.5,"2022-August-05","2023-May-10","Cerete. Cordoba, Colombia",NA,"202238BCEPR_cere_rep2_SM6176A-15_80",2,80,6,6,"test"," (Operator: lizbethpino, Time: )","SM6176A-15","test",8.916666667,-76,101,"Cordoba","Colombia","Subhumid lowland tropics","cere",NA,NA,NA,NA,NA,32.1013067400275,NA,115,2.5297619047619,4,100,2.5297619047619,0.812086628839981,0.85,5,1,1,NA,5,3,NA,NA,4,3,NA,2,NA,NA,NA,800,73,0,5,NA,NA,NA,8
2022,"202238BCEPR_cere","202238BCEPR_cere",1.2,3.5,"2022-August-05","2023-May-10","Cerete. Cordoba, Colombia",NA,"202238BCEPR_cere_rep2_SM6217A-1_95",2,95,9,10,"test"," (Operator: lizbethpino, Time: )","SM6217A-1","test",8.916666667,-76,101,"Cordoba","Colombia","Subhumid lowland tropics","cere",NA,NA,NA,NA,NA,NA,NA,NA,NA,4,0,NA,NA,NA,NA,NA,NA,NA,5,NA,NA,NA,NA,NA,NA,NA,NA,NA,NA,NA,NA,NA,0,NA,NA,NA,NA
2022,"202238BCEPR_cere","202238BCEPR_cere",1.2,3.5,"2022-August-05","2023-May-10","Cerete. Cordoba, Colombia",NA,"202238BCEPR_cere_rep2_SM6218A-12_62",2,62,3,7,"test"," (Operator: lizbethpino, Time: )","SM6218A-12","test",8.916666667,-76,101,"Cordoba","Colombia","Subhumid lowland tropics","cere",NA,NA,NA,NA,NA,32.6237911702873,NA,120,4.61309523809524,4,80,4.61309523809524,1.50496655696266,1.55,2,1,3,NA,5,3,NA,NA,1,3,NA,3,NA,NA,NA,1575,148,0,4,NA,NA,NA,5
2022,"202238BCEPR_cere","202238BCEPR_cere",1.2,3.5,"2022-August-05","2023-May-10","Cerete. Cordoba, Colombia",NA,"202238BCEPR_cere_rep2_SM6218A-4_76",2,76,6,10,"test"," (Operator: lizbethpino, Time: )","SM6218A-4","test",8.916666667,-76,101,"Cordoba","Colombia","Subhumid lowland tropics","cere",NA,NA,NA,NA,NA,28.9098765432098,NA,145,5.95238095238095,4,100,5.95238095238095,1.72082598471487,2,3,1,2,NA,5,1,NA,NA,3,3,NA,3,NA,NA,NA,1925,143,0,5,NA,NA,NA,5
2022,"202238BCEPR_cere","202238BCEPR_cere",1.2,3.5,"2022-August-05","2023-May-10","Cerete. Cordoba, Colombia",NA,"202238BCEPR_cere_rep2_SM6253A-4_52",2,52,1,7,"test"," (Operator: lizbethpino, Time: )","SM6253A-4","test",8.916666667,-76,101,"Cordoba","Colombia","Subhumid lowland tropics","cere",NA,NA,NA,NA,NA,NA,NA,NA,NA,4,0,NA,NA,NA,NA,NA,NA,NA,5,NA,NA,NA,NA,NA,NA,NA,NA,NA,NA,NA,NA,NA,0,NA,NA,NA,NA
2022,"202238BCEPR_cere","202238BCEPR_cere",1.2,3.5,"2022-August-05","2023-May-10","Cerete. Cordoba, Colombia",NA,"202238BCEPR_cere_rep2_SM6267A-3_79",2,79,6,7,"test"," (Operator: lizbethpino, Time: )","SM6267A-3","test",8.916666667,-76,101,"Cordoba","Colombia","Subhumid lowland tropics","cere",NA,NA,NA,NA,NA,29.7185798381163,NA,150,4.46428571428571,4,100,4.46428571428571,1.32672231420162,1.5,5,2,3,NA,5,3,NA,NA,3,3,NA,4,NA,NA,NA,1475,116,0,5,NA,NA,NA,8
2022,"202238BCEPR_cere","202238BCEPR_cere",1.2,3.5,"2022-August-05","2023-May-10","Cerete. Cordoba, Colombia",NA,"202238BCEPR_cere_rep2_SM6268A-3_97",2,97,10,9,"test"," (Operator: lizbethpino, Time: )","SM6268A-3","test",8.916666667,-76,101,"Cordoba","Colombia","Subhumid lowland tropics","cere",NA,NA,NA,NA,NA,28.3072810836962,NA,220,6.84523809523809,4,60,6.84523809523809,1.9377007884673,2.3,3,1,1,NA,5,3,NA,NA,2,3,NA,2,NA,NA,NA,2225,158,0,3,NA,NA,NA,8
2022,"202238BCEPR_cere","202238BCEPR_cere",1.2,3.5,"2022-August-05","2023-May-10","Cerete. Cordoba, Colombia",NA,"202238BCEPR_cere_rep2_SM6276A-15_68",2,68,4,8,"test"," (Operator: lizbethpino, Time: )","SM6276A-15","test",8.916666667,-76,101,"Cordoba","Colombia","Subhumid lowland tropics","cere",NA,NA,NA,NA,NA,NA,NA,NA,NA,4,0,NA,NA,NA,NA,NA,NA,NA,5,NA,NA,NA,NA,NA,NA,NA,NA,NA,NA,NA,NA,NA,0,NA,NA,NA,NA
2022,"202238BCEPR_cere","202238BCEPR_cere",1.2,3.5,"2022-August-05","2023-May-10","Cerete. Cordoba, Colombia",NA,"202238BCEPR_cere_rep2_SM6276A-25_91",2,91,9,6,"test"," (Operator: lizbethpino, Time: )","SM6276A-25","test",8.916666667,-76,101,"Cordoba","Colombia","Subhumid lowland tropics","cere",NA,NA,NA,NA,NA,28.8287375415282,NA,310,2.82738095238095,4,60,2.82738095238095,0.815098234061065,0.95,3,1,0,NA,5,2,NA,NA,1,3,NA,4,NA,NA,NA,325,24,0,3,NA,NA,NA,8
2022,"202238BCEPR_cere","202238BCEPR_cere",1.2,3.5,"2022-August-05","2023-May-10","Cerete. Cordoba, Colombia",NA,"202238BCEPR_cere_rep2_SM6276A-3_74",2,74,5,9,"test"," (Operator: lizbethpino, Time: )","SM6276A-3","test",8.916666667,-76,101,"Cordoba","Colombia","Subhumid lowland tropics","cere",NA,NA,NA,NA,NA,NA,NA,NA,NA,4,0,NA,NA,NA,NA,NA,NA,NA,5,NA,NA,NA,NA,NA,NA,NA,NA,NA,NA,NA,NA,NA,0,NA,NA,NA,NA
2022,"202238BCEPR_cere","202238BCEPR_cere",1.2,3.5,"2022-August-05","2023-May-10","Cerete. Cordoba, Colombia",NA,"202238BCEPR_cere_rep2_SM6276A-8_64",2,64,3,9,"test"," (Operator: lizbethpino, Time: )","SM6276A-8","test",8.916666667,-76,101,"Cordoba","Colombia","Subhumid lowland tropics","cere",NA,NA,NA,NA,NA,NA,NA,NA,NA,4,0,NA,NA,NA,NA,NA,NA,NA,5,NA,NA,NA,NA,NA,NA,NA,NA,NA,NA,NA,NA,NA,0,NA,NA,NA,NA
2022,"202238BCEPR_cere","202238BCEPR_cere",1.2,3.5,"2022-August-05","2023-May-10","Cerete. Cordoba, Colombia",NA,"202238BCEPR_cere_rep2_SM6296A-2_56",2,56,2,10,"test"," (Operator: lizbethpino, Time: )","SM6296A-2","test",8.916666667,-76,101,"Cordoba","Colombia","Subhumid lowland tropics","cere",NA,NA,NA,NA,NA,24.7903614457831,NA,185,1.78571428571429,4,40,1.78571428571429,0.442685025817555,0.6,3,3,1,NA,5,3,NA,NA,1,3,NA,3,NA,NA,NA,525,27,0,2,NA,NA,NA,6
2022,"202238BCEPR_cere","202238BCEPR_cere",1.2,3.5,"2022-August-05","2023-May-10","Cerete. Cordoba, Colombia",NA,"202238BCEPR_cere_rep2_SM6315A-16_55",2,55,1,10,"test"," (Operator: lizbethpino, Time: )","SM6315A-16","test",8.916666667,-76,101,"Cordoba","Colombia","Subhumid lowland tropics","cere",NA,NA,NA,NA,NA,17.8085858585858,NA,160,0.148809523809524,4,20,0.148809523809524,0.0265008718133717,0.05,2,1,0,NA,5,3,NA,NA,1,3,NA,4,NA,NA,NA,100,1,0,1,NA,NA,NA,6
2022,"202238BCEPR_cere","202238BCEPR_cere",1.2,3.5,"2022-August-05","2023-May-10","Cerete. Cordoba, Colombia",NA,"202238BCEPR_cere_rep2_SM6317A-1_75",2,75,5,10,"test"," (Operator: lizbethpino, Time: )","SM6317A-1","test",8.916666667,-76,101,"Cordoba","Colombia","Subhumid lowland tropics","cere",NA,NA,NA,NA,NA,25.7023267838676,NA,165,2.97619047619048,4,100,2.97619047619048,0.764950201900821,1,5,1,0,NA,5,2,NA,NA,3,3,NA,4,NA,NA,NA,1025,58,0,5,NA,NA,NA,6
2022,"202238BCEPR_cere","202238BCEPR_cere",1.2,3.5,"2022-August-05","2023-May-10","Cerete. Cordoba, Colombia",NA,"202238BCEPR_cere_rep2_SM6319A-1_53",2,53,1,8,"test"," (Operator: lizbethpino, Time: )","SM6319A-1","test",8.916666667,-76,101,"Cordoba","Colombia","Subhumid lowland tropics","cere",NA,NA,NA,NA,NA,25.8651193633952,NA,90,1.19047619047619,4,100,1.19047619047619,0.307918087659467,0.4,3,1,0,NA,5,3,NA,NA,3,3,NA,4,NA,NA,NA,400,23,0,5,NA,NA,NA,8
2022,"202238BCEPR_cere","202238BCEPR_cere",1.2,3.5,"2022-August-05","2023-May-10","Cerete. Cordoba, Colombia",NA,"202238BCEPR_cere_rep2_SM6369A-12_72",2,72,5,7,"test"," (Operator: lizbethpino, Time: )","SM6369A-12","test",8.916666667,-76,101,"Cordoba","Colombia","Subhumid lowland tropics","cere",NA,NA,NA,NA,NA,26.879213483146,NA,158,1.63690476190476,4,60,1.63690476190476,0.439987125468164,0.55,5,1,0,NA,5,2,NA,NA,2,3,NA,3,NA,NA,NA,475,30,0,3,NA,NA,NA,8
2022,"202238BCEPR_cere","202238BCEPR_cere",1.2,3.5,"2022-August-05","2023-May-10","Cerete. Cordoba, Colombia",NA,"202238BCEPR_cere_rep2_SM6376A-10_86",2,86,8,10,"test"," (Operator: lizbethpino, Time: )","SM6376A-10","test",8.916666667,-76,101,"Cordoba","Colombia","Subhumid lowland tropics","cere",NA,NA,NA,NA,NA,27.690639625585,NA,155,4.46428571428571,4,80,4.46428571428571,1.23618926899933,1.5,3,3,2,NA,5,4,NA,NA,3,3,NA,4,NA,NA,NA,1375,93,0,4,NA,NA,NA,8
2022,"202238BCEPR_cere","202238BCEPR_cere",1.2,3.5,"2022-August-05","2023-May-10","Cerete. Cordoba, Colombia",NA,"202238BCEPR_cere_rep2_SM6376A-15_100",2,100,10,6,"test"," (Operator: lizbethpino, Time: )","SM6376A-15","test",8.916666667,-76,101,"Cordoba","Colombia","Subhumid lowland tropics","cere",NA,NA,NA,NA,NA,32.7585419734904,NA,130,4.46428571428571,4,100,4.46428571428571,1.46243490953082,1.5,3,1,2,NA,5,3,NA,NA,3,3,NA,3,NA,NA,NA,1500,142,0,5,NA,NA,NA,6
2022,"202238BCEPR_cere","202238BCEPR_cere",1.2,3.5,"2022-August-05","2023-May-10","Cerete. Cordoba, Colombia",NA,"202238BCEPR_cere_rep2_SM6376A-22_90",2,90,8,6,"test"," (Operator: lizbethpino, Time: )","SM6376A-22","test",8.916666667,-76,101,"Cordoba","Colombia","Subhumid lowland tropics","cere",NA,NA,NA,NA,NA,27.2013839959738,NA,260,6.54761904761905,4,100,6.54761904761905,1.78104299973638,2.2,4,1,1,NA,5,2,NA,NA,3,3,NA,3,NA,NA,NA,2125,138,0,5,NA,NA,NA,5
2022,"202238BCEPR_cere","202238BCEPR_cere",1.2,3.5,"2022-August-05","2023-May-10","Cerete. Cordoba, Colombia",NA,"202238BCEPR_cere_rep2_SM6376A-23_94",2,94,9,9,"test"," (Operator: lizbethpino, Time: )","SM6376A-23","test",8.916666667,-76,101,"Cordoba","Colombia","Subhumid lowland tropics","cere",NA,NA,NA,NA,NA,30.8475392448027,NA,130,8.63095238095238,4,100,8.63095238095238,2.66243642291452,2.9,5,1,4,NA,5,2,NA,NA,3,3,NA,2,NA,NA,NA,2575,218,0,5,NA,NA,NA,8
2022,"202238BCEPR_cere","202238BCEPR_cere",1.2,3.5,"2022-August-05","2023-May-10","Cerete. Cordoba, Colombia",NA,"202238BCEPR_cere_rep2_SM6376A-26_85",2,85,7,10,"test"," (Operator: lizbethpino, Time: )","SM6376A-26","test",8.916666667,-76,101,"Cordoba","Colombia","Subhumid lowland tropics","cere",NA,NA,NA,NA,NA,25.8246383799421,NA,180,3.57142857142857,4,100,3.57142857142857,0.922308513569361,1.2,4,1,0,NA,5,3,NA,NA,3,3,NA,4,NA,NA,NA,1100,63,0,5,NA,NA,NA,8
2022,"202238BCEPR_cere","202238BCEPR_cere",1.2,3.5,"2022-August-05","2023-May-10","Cerete. Cordoba, Colombia","Caiseli,Caiselli,CAISELLI","202238BCEPR_cere_rep2_SMB2446-2_73",2,73,5,8,"check"," (Operator: lizbethpino, Time: )","SMB2446-2_is_Caiseli","check_released",8.916666667,-76,101,"Cordoba","Colombia","Subhumid lowland tropics","cere",NA,NA,NA,NA,NA,29.9717391304347,NA,130,0.297619047619048,4,60,0.297619047619048,0.0892016045548652,0.1,2,1,0,NA,5,3,NA,NA,1,3,NA,4,NA,NA,NA,100,8,0,3,NA,NA,NA,1
2022,"202238BCEPR_cere","202238BCEPR_cere",1.2,3.5,"2022-August-05","2023-May-10","Cerete. Cordoba, Colombia","Tai8","202238BCEPR_cere_rep2_TAI8_87",2,87,8,9,"check"," (Operator: lizbethpino, Time: )","TAI8_is_TAI","check_released",8.916666667,-76,101,"Cordoba","Colombia","Subhumid lowland tropics","cere",NA,NA,NA,NA,NA,31.0611111111111,NA,145,5.6547619047619,4,100,5.6547619047619,1.75643187830688,1.9,3,1,2,NA,5,3,NA,NA,3,1,NA,3,NA,NA,NA,1900,163,0,5,NA,NA,NA,1
